,mode,num,lang,model,seed,f1
0,global_cap_labels,0.1,amh,afriberta,2.0,0.039894078917840914
1,global_cap_labels,0.1,amh,afro_xlmr,2.0,0.04423725704285111
2,global_cap_labels,0.1,amh,mbert,2.0,0.0
3,global_cap_labels,0.1,amh,xlmr,2.0,0.05648711591035454
4,global_cap_labels,0.1,conll_2003_en,afriberta,2.0,0.12128246999716219
5,global_cap_labels,0.1,conll_2003_en,afro_xlmr,2.0,0.1267548382455408
6,global_cap_labels,0.1,conll_2003_en,mbert,2.0,0.12970491427129205
7,global_cap_labels,0.1,conll_2003_en,xlmr,2.0,0.11793675896622857
8,global_cap_labels,0.1,hau,afriberta,2.0,0.14454365505818303
9,global_cap_labels,0.1,hau,afro_xlmr,2.0,0.12248011891686507
10,global_cap_labels,0.1,hau,mbert,2.0,0.12080845953320836
11,global_cap_labels,0.1,hau,xlmr,2.0,0.1365019100427113
12,global_cap_labels,0.1,ibo,afriberta,2.0,0.14679104272037716
13,global_cap_labels,0.1,ibo,afro_xlmr,2.0,0.14606799809121535
14,global_cap_labels,0.1,ibo,mbert,2.0,0.14692677830909462
15,global_cap_labels,0.1,ibo,xlmr,2.0,0.1339757633206173
16,global_cap_labels,0.1,kin,afriberta,2.0,0.0856928903255113
17,global_cap_labels,0.1,kin,afro_xlmr,2.0,0.08491666231723587
18,global_cap_labels,0.1,kin,mbert,2.0,0.09327288736584088
19,global_cap_labels,0.1,kin,xlmr,2.0,0.07901260901465126
20,global_cap_labels,0.1,lug,afriberta,2.0,0.034293581429911284
21,global_cap_labels,0.1,lug,afro_xlmr,2.0,0.05866211782507591
22,global_cap_labels,0.1,lug,mbert,2.0,0.034103942645695155
23,global_cap_labels,0.1,lug,xlmr,2.0,0.045080764750224024
24,global_cap_labels,0.1,luo,afriberta,2.0,0.0721877853494139
25,global_cap_labels,0.1,luo,afro_xlmr,2.0,0.060525375363362395
26,global_cap_labels,0.1,luo,mbert,2.0,0.06573007476425288
27,global_cap_labels,0.1,luo,xlmr,2.0,0.05939401870102917
28,global_cap_labels,0.1,pcm,afriberta,2.0,0.05520831193668243
29,global_cap_labels,0.1,pcm,afro_xlmr,2.0,0.10395376504681482
30,global_cap_labels,0.1,pcm,mbert,2.0,0.103626076833216
31,global_cap_labels,0.1,pcm,xlmr,2.0,0.0931972564391393
32,global_cap_labels,0.1,swa,afriberta,2.0,0.077903491837663
33,global_cap_labels,0.1,swa,afro_xlmr,2.0,0.10357179329450027
34,global_cap_labels,0.1,swa,mbert,2.0,0.0789391628880322
35,global_cap_labels,0.1,swa,xlmr,2.0,0.10160505732347584
36,global_cap_labels,0.1,wol,afriberta,2.0,0.03957329076689348
37,global_cap_labels,0.1,wol,afro_xlmr,2.0,0.07097382279588602
38,global_cap_labels,0.1,wol,mbert,2.0,0.06953515278766297
39,global_cap_labels,0.1,wol,xlmr,2.0,0.04325516432177343
40,global_cap_labels,0.1,yor,afriberta,2.0,0.08294929908718801
41,global_cap_labels,0.1,yor,afro_xlmr,2.0,0.11473321471423359
42,global_cap_labels,0.1,yor,mbert,2.0,0.08504262969554212
43,global_cap_labels,0.1,yor,xlmr,2.0,0.10535100701235632
44,global_cap_labels,0.2,amh,afriberta,2.0,0.12779064247919358
45,global_cap_labels,0.2,amh,afro_xlmr,2.0,0.20102878650527903
46,global_cap_labels,0.2,amh,mbert,2.0,0.0
47,global_cap_labels,0.2,amh,xlmr,2.0,0.20356936995027208
48,global_cap_labels,0.2,conll_2003_en,afriberta,2.0,0.22708955872305184
49,global_cap_labels,0.2,conll_2003_en,afro_xlmr,2.0,0.25587383175672146
50,global_cap_labels,0.2,conll_2003_en,mbert,2.0,0.2667429599265127
51,global_cap_labels,0.2,conll_2003_en,xlmr,2.0,0.2547508872039437
52,global_cap_labels,0.2,hau,afriberta,2.0,0.24787414191871096
53,global_cap_labels,0.2,hau,afro_xlmr,2.0,0.3103922312379099
54,global_cap_labels,0.2,hau,mbert,2.0,0.2688815987876198
55,global_cap_labels,0.2,hau,xlmr,2.0,0.3344619819441488
56,global_cap_labels,0.2,ibo,afriberta,2.0,0.2483798425305933
57,global_cap_labels,0.2,ibo,afro_xlmr,2.0,0.246668019468543
58,global_cap_labels,0.2,ibo,mbert,2.0,0.2402065024302262
59,global_cap_labels,0.2,ibo,xlmr,2.0,0.21386319137174362
60,global_cap_labels,0.2,kin,afriberta,2.0,0.1887796098169412
61,global_cap_labels,0.2,kin,afro_xlmr,2.0,0.22449915514174082
62,global_cap_labels,0.2,kin,mbert,2.0,0.18397485354050627
63,global_cap_labels,0.2,kin,xlmr,2.0,0.19549426101390985
64,global_cap_labels,0.2,lug,afriberta,2.0,0.16227091214879627
65,global_cap_labels,0.2,lug,afro_xlmr,2.0,0.1764901660795141
66,global_cap_labels,0.2,lug,mbert,2.0,0.17138306777474413
67,global_cap_labels,0.2,lug,xlmr,2.0,0.19398770388471906
68,global_cap_labels,0.2,luo,afriberta,2.0,0.14782813612401938
69,global_cap_labels,0.2,luo,afro_xlmr,2.0,0.11563734719263018
70,global_cap_labels,0.2,luo,mbert,2.0,0.14497379255617543
71,global_cap_labels,0.2,luo,xlmr,2.0,0.12627971703106677
72,global_cap_labels,0.2,pcm,afriberta,2.0,0.14122648309136107
73,global_cap_labels,0.2,pcm,afro_xlmr,2.0,0.19072445264103655
74,global_cap_labels,0.2,pcm,mbert,2.0,0.23355911374933935
75,global_cap_labels,0.2,pcm,xlmr,2.0,0.24903174075132495
76,global_cap_labels,0.2,swa,afriberta,2.0,0.2266726531691918
77,global_cap_labels,0.2,swa,afro_xlmr,2.0,0.2397944045222019
78,global_cap_labels,0.2,swa,mbert,2.0,0.21394518083161995
79,global_cap_labels,0.2,swa,xlmr,2.0,0.27218915137107275
80,global_cap_labels,0.2,wol,afriberta,2.0,0.08385782025090473
81,global_cap_labels,0.2,wol,afro_xlmr,2.0,0.1754471492107863
82,global_cap_labels,0.2,wol,mbert,2.0,0.16564453251403893
83,global_cap_labels,0.2,wol,xlmr,2.0,0.11166764804478686
84,global_cap_labels,0.2,yor,afriberta,2.0,0.1327935239590927
85,global_cap_labels,0.2,yor,afro_xlmr,2.0,0.19016040591596173
86,global_cap_labels,0.2,yor,mbert,2.0,0.19811859036937637
87,global_cap_labels,0.2,yor,xlmr,2.0,0.17431947770511366
88,global_cap_labels,0.3,amh,afriberta,2.0,0.2637599289786001
89,global_cap_labels,0.3,amh,afro_xlmr,2.0,0.3499171240966472
90,global_cap_labels,0.3,amh,mbert,2.0,0.0
91,global_cap_labels,0.3,amh,xlmr,2.0,0.3459872636652985
92,global_cap_labels,0.3,conll_2003_en,afriberta,2.0,0.3501259503093621
93,global_cap_labels,0.3,conll_2003_en,afro_xlmr,2.0,0.4037491904458376
94,global_cap_labels,0.3,conll_2003_en,mbert,2.0,0.40950237823603025
95,global_cap_labels,0.3,conll_2003_en,xlmr,2.0,0.40191240441910053
96,global_cap_labels,0.3,hau,afriberta,2.0,0.4630700502230815
97,global_cap_labels,0.3,hau,afro_xlmr,2.0,0.45747911380026235
98,global_cap_labels,0.3,hau,mbert,2.0,0.4346033672209108
99,global_cap_labels,0.3,hau,xlmr,2.0,0.4765421357964152
100,global_cap_labels,0.3,ibo,afriberta,2.0,0.4161344362064748
101,global_cap_labels,0.3,ibo,afro_xlmr,2.0,0.41879321439219774
102,global_cap_labels,0.3,ibo,mbert,2.0,0.36179945657319523
103,global_cap_labels,0.3,ibo,xlmr,2.0,0.4035964886005989
104,global_cap_labels,0.3,kin,afriberta,2.0,0.31331330335360597
105,global_cap_labels,0.3,kin,afro_xlmr,2.0,0.34183394284338875
106,global_cap_labels,0.3,kin,mbert,2.0,0.2770149183419102
107,global_cap_labels,0.3,kin,xlmr,2.0,0.27827144266607423
108,global_cap_labels,0.3,lug,afriberta,2.0,0.31316041735873906
109,global_cap_labels,0.3,lug,afro_xlmr,2.0,0.3300008482363736
110,global_cap_labels,0.3,lug,mbert,2.0,0.31966853093757513
111,global_cap_labels,0.3,lug,xlmr,2.0,0.3053268916751362
112,global_cap_labels,0.3,luo,afriberta,2.0,0.22607380174016875
113,global_cap_labels,0.3,luo,afro_xlmr,2.0,0.2739894849060289
114,global_cap_labels,0.3,luo,mbert,2.0,0.2741201695564891
115,global_cap_labels,0.3,luo,xlmr,2.0,0.2457870790516612
116,global_cap_labels,0.3,pcm,afriberta,2.0,0.2755428922940708
117,global_cap_labels,0.3,pcm,afro_xlmr,2.0,0.3650757769673922
118,global_cap_labels,0.3,pcm,mbert,2.0,0.39944624957966895
119,global_cap_labels,0.3,pcm,xlmr,2.0,0.3746365961694429
120,global_cap_labels,0.3,swa,afriberta,2.0,0.3983419071524745
121,global_cap_labels,0.3,swa,afro_xlmr,2.0,0.3891715785858734
122,global_cap_labels,0.3,swa,mbert,2.0,0.37053131320249416
123,global_cap_labels,0.3,swa,xlmr,2.0,0.4357074486613614
124,global_cap_labels,0.3,wol,afriberta,2.0,0.17507762858855846
125,global_cap_labels,0.3,wol,afro_xlmr,2.0,0.20052684774756413
126,global_cap_labels,0.3,wol,mbert,2.0,0.25678200099365917
127,global_cap_labels,0.3,wol,xlmr,2.0,0.235972732994481
128,global_cap_labels,0.3,yor,afriberta,2.0,0.30426194366915094
129,global_cap_labels,0.3,yor,afro_xlmr,2.0,0.3829117953262082
130,global_cap_labels,0.3,yor,mbert,2.0,0.38383746111909933
131,global_cap_labels,0.3,yor,xlmr,2.0,0.36972157031970526
132,global_cap_labels,0.4,amh,afriberta,2.0,0.34581702867042247
133,global_cap_labels,0.4,amh,afro_xlmr,2.0,0.4282538763973404
134,global_cap_labels,0.4,amh,mbert,2.0,0.0
135,global_cap_labels,0.4,amh,xlmr,2.0,0.4046721988826705
136,global_cap_labels,0.4,conll_2003_en,afriberta,2.0,0.4789589534974965
137,global_cap_labels,0.4,conll_2003_en,afro_xlmr,2.0,0.5185431578979514
138,global_cap_labels,0.4,conll_2003_en,mbert,2.0,0.5317853323044082
139,global_cap_labels,0.4,conll_2003_en,xlmr,2.0,0.5110732440276973
140,global_cap_labels,0.4,hau,afriberta,2.0,0.593254102690325
141,global_cap_labels,0.4,hau,afro_xlmr,2.0,0.5921272749058656
142,global_cap_labels,0.4,hau,mbert,2.0,0.5447554348562175
143,global_cap_labels,0.4,hau,xlmr,2.0,0.5936680150296844
144,global_cap_labels,0.4,ibo,afriberta,2.0,0.5484973213834169
145,global_cap_labels,0.4,ibo,afro_xlmr,2.0,0.5312449342989253
146,global_cap_labels,0.4,ibo,mbert,2.0,0.4838835408300651
147,global_cap_labels,0.4,ibo,xlmr,2.0,0.49077372490740573
148,global_cap_labels,0.4,kin,afriberta,2.0,0.44446178759569843
149,global_cap_labels,0.4,kin,afro_xlmr,2.0,0.4923521474521426
150,global_cap_labels,0.4,kin,mbert,2.0,0.43792254370634903
151,global_cap_labels,0.4,kin,xlmr,2.0,0.4625608019451047
152,global_cap_labels,0.4,lug,afriberta,2.0,0.4315233176158763
153,global_cap_labels,0.4,lug,afro_xlmr,2.0,0.45293074781032505
154,global_cap_labels,0.4,lug,mbert,2.0,0.4473840846083128
155,global_cap_labels,0.4,lug,xlmr,2.0,0.45740961995767365
156,global_cap_labels,0.4,luo,afriberta,2.0,0.31845168297942494
157,global_cap_labels,0.4,luo,afro_xlmr,2.0,0.32124252151688193
158,global_cap_labels,0.4,luo,mbert,2.0,0.3677671922050439
159,global_cap_labels,0.4,luo,xlmr,2.0,0.3211714659685864
160,global_cap_labels,0.4,pcm,afriberta,2.0,0.3558875753691307
161,global_cap_labels,0.4,pcm,afro_xlmr,2.0,0.4832143023677429
162,global_cap_labels,0.4,pcm,mbert,2.0,0.482175770060778
163,global_cap_labels,0.4,pcm,xlmr,2.0,0.498669603243395
164,global_cap_labels,0.4,swa,afriberta,2.0,0.5190948921312758
165,global_cap_labels,0.4,swa,afro_xlmr,2.0,0.5756658395748008
166,global_cap_labels,0.4,swa,mbert,2.0,0.5350895504732631
167,global_cap_labels,0.4,swa,xlmr,2.0,0.5921986985346058
168,global_cap_labels,0.4,wol,afriberta,2.0,0.2892414467737342
169,global_cap_labels,0.4,wol,afro_xlmr,2.0,0.30543825539024816
170,global_cap_labels,0.4,wol,mbert,2.0,0.25798730308744067
171,global_cap_labels,0.4,wol,xlmr,2.0,0.2840829685131376
172,global_cap_labels,0.4,yor,afriberta,2.0,0.3756218905472637
173,global_cap_labels,0.4,yor,afro_xlmr,2.0,0.40270407534182784
174,global_cap_labels,0.4,yor,mbert,2.0,0.3960706676971804
175,global_cap_labels,0.4,yor,xlmr,2.0,0.44819267852502603
176,global_cap_labels,0.5,amh,afriberta,2.0,0.4164187306686234
177,global_cap_labels,0.5,amh,afro_xlmr,2.0,0.5408441209095325
178,global_cap_labels,0.5,amh,mbert,2.0,0.0
179,global_cap_labels,0.5,amh,xlmr,2.0,0.5131078473896378
180,global_cap_labels,0.5,conll_2003_en,afriberta,2.0,0.615454761736387
181,global_cap_labels,0.5,conll_2003_en,afro_xlmr,2.0,0.6636917890541265
182,global_cap_labels,0.5,conll_2003_en,mbert,2.0,0.6786593009764608
183,global_cap_labels,0.5,conll_2003_en,xlmr,2.0,0.6527934550580919
184,global_cap_labels,0.5,hau,afriberta,2.0,0.6768672176454679
185,global_cap_labels,0.5,hau,afro_xlmr,2.0,0.7012491017376169
186,global_cap_labels,0.5,hau,mbert,2.0,0.5979069186481467
187,global_cap_labels,0.5,hau,xlmr,2.0,0.6976745442280619
188,global_cap_labels,0.5,ibo,afriberta,2.0,0.6475867091826246
189,global_cap_labels,0.5,ibo,afro_xlmr,2.0,0.6153450391768148
190,global_cap_labels,0.5,ibo,mbert,2.0,0.5653625153623161
191,global_cap_labels,0.5,ibo,xlmr,2.0,0.5947365128370709
192,global_cap_labels,0.5,kin,afriberta,2.0,0.49665319851144485
193,global_cap_labels,0.5,kin,afro_xlmr,2.0,0.5420726986312
194,global_cap_labels,0.5,kin,mbert,2.0,0.4756523249180817
195,global_cap_labels,0.5,kin,xlmr,2.0,0.49684281885634923
196,global_cap_labels,0.5,lug,afriberta,2.0,0.5385313784311224
197,global_cap_labels,0.5,lug,afro_xlmr,2.0,0.5320188954319258
198,global_cap_labels,0.5,lug,mbert,2.0,0.5633388624713321
199,global_cap_labels,0.5,lug,xlmr,2.0,0.5502714922905456
200,global_cap_labels,0.5,luo,afriberta,2.0,0.4275809327985535
201,global_cap_labels,0.5,luo,afro_xlmr,2.0,0.42938531615793507
202,global_cap_labels,0.5,luo,mbert,2.0,0.45501395310631443
203,global_cap_labels,0.5,luo,xlmr,2.0,0.4099810338514969
204,global_cap_labels,0.5,pcm,afriberta,2.0,0.550767211170088
205,global_cap_labels,0.5,pcm,afro_xlmr,2.0,0.6416133028083126
206,global_cap_labels,0.5,pcm,mbert,2.0,0.6419337740544826
207,global_cap_labels,0.5,pcm,xlmr,2.0,0.6221460234812787
208,global_cap_labels,0.5,swa,afriberta,2.0,0.6119542085920932
209,global_cap_labels,0.5,swa,afro_xlmr,2.0,0.633835642413089
210,global_cap_labels,0.5,swa,mbert,2.0,0.6078981196467471
211,global_cap_labels,0.5,swa,xlmr,2.0,0.6482889922089535
212,global_cap_labels,0.5,wol,afriberta,2.0,0.36733842363151625
213,global_cap_labels,0.5,wol,afro_xlmr,2.0,0.3990990051996626
214,global_cap_labels,0.5,wol,mbert,2.0,0.39753646827990247
215,global_cap_labels,0.5,wol,xlmr,2.0,0.40212815656000817
216,global_cap_labels,0.5,yor,afriberta,2.0,0.4515307739572796
217,global_cap_labels,0.5,yor,afro_xlmr,2.0,0.5397118507817397
218,global_cap_labels,0.5,yor,mbert,2.0,0.5578863957203115
219,global_cap_labels,0.5,yor,xlmr,2.0,0.563282076811033
220,global_cap_labels,0.6,amh,afriberta,2.0,0.5472516668478478
221,global_cap_labels,0.6,amh,afro_xlmr,2.0,0.5797727199078019
222,global_cap_labels,0.6,amh,mbert,2.0,0.0
223,global_cap_labels,0.6,amh,xlmr,2.0,0.5845598498257568
224,global_cap_labels,0.6,conll_2003_en,afriberta,2.0,0.7108722224979757
225,global_cap_labels,0.6,conll_2003_en,afro_xlmr,2.0,0.7664798236089858
226,global_cap_labels,0.6,conll_2003_en,mbert,2.0,0.7632800454506489
227,global_cap_labels,0.6,conll_2003_en,xlmr,2.0,0.7587274543065229
228,global_cap_labels,0.6,hau,afriberta,2.0,0.7442132200514725
229,global_cap_labels,0.6,hau,afro_xlmr,2.0,0.7309238355992383
230,global_cap_labels,0.6,hau,mbert,2.0,0.7196382297917058
231,global_cap_labels,0.6,hau,xlmr,2.0,0.7587139138222883
232,global_cap_labels,0.6,ibo,afriberta,2.0,0.7116818751837372
233,global_cap_labels,0.6,ibo,afro_xlmr,2.0,0.6949537190732205
234,global_cap_labels,0.6,ibo,mbert,2.0,0.671644356339595
235,global_cap_labels,0.6,ibo,xlmr,2.0,0.6908189026340485
236,global_cap_labels,0.6,kin,afriberta,2.0,0.587489672556221
237,global_cap_labels,0.6,kin,afro_xlmr,2.0,0.6402582412694314
238,global_cap_labels,0.6,kin,mbert,2.0,0.5907405769113825
239,global_cap_labels,0.6,kin,xlmr,2.0,0.6012659673500297
240,global_cap_labels,0.6,lug,afriberta,2.0,0.6272101227104382
241,global_cap_labels,0.6,lug,afro_xlmr,2.0,0.6097554045837175
242,global_cap_labels,0.6,lug,mbert,2.0,0.618123014991769
243,global_cap_labels,0.6,lug,xlmr,2.0,0.6105114579647011
244,global_cap_labels,0.6,luo,afriberta,2.0,0.4728017638118886
245,global_cap_labels,0.6,luo,afro_xlmr,2.0,0.5189518066769027
246,global_cap_labels,0.6,luo,mbert,2.0,0.5489184617830759
247,global_cap_labels,0.6,luo,xlmr,2.0,0.4724049602498706
248,global_cap_labels,0.6,pcm,afriberta,2.0,0.6523547075587133
249,global_cap_labels,0.6,pcm,afro_xlmr,2.0,0.716759572691776
250,global_cap_labels,0.6,pcm,mbert,2.0,0.7128448241378185
251,global_cap_labels,0.6,pcm,xlmr,2.0,0.6918742186370932
252,global_cap_labels,0.6,swa,afriberta,2.0,0.7131135710064488
253,global_cap_labels,0.6,swa,afro_xlmr,2.0,0.7287697892839916
254,global_cap_labels,0.6,swa,mbert,2.0,0.6916824813588521
255,global_cap_labels,0.6,swa,xlmr,2.0,0.7176026030966051
256,global_cap_labels,0.6,wol,afriberta,2.0,0.45797513296402537
257,global_cap_labels,0.6,wol,afro_xlmr,2.0,0.5157455160162742
258,global_cap_labels,0.6,wol,mbert,2.0,0.4920271349088036
259,global_cap_labels,0.6,wol,xlmr,2.0,0.4963138039953298
260,global_cap_labels,0.6,yor,afriberta,2.0,0.5587738065795176
261,global_cap_labels,0.6,yor,afro_xlmr,2.0,0.6062245048457038
262,global_cap_labels,0.6,yor,mbert,2.0,0.6139100136095287
263,global_cap_labels,0.6,yor,xlmr,2.0,0.6056341189335862
264,global_cap_labels,0.7,amh,afriberta,2.0,0.6112249438179737
265,global_cap_labels,0.7,amh,afro_xlmr,2.0,0.6633726266023812
266,global_cap_labels,0.7,amh,mbert,2.0,0.0
267,global_cap_labels,0.7,amh,xlmr,2.0,0.6285392772680221
268,global_cap_labels,0.7,conll_2003_en,afriberta,2.0,0.7809144556266098
269,global_cap_labels,0.7,conll_2003_en,afro_xlmr,2.0,0.8263878173725586
270,global_cap_labels,0.7,conll_2003_en,mbert,2.0,0.8231054328987257
271,global_cap_labels,0.7,conll_2003_en,xlmr,2.0,0.8275710246849678
272,global_cap_labels,0.7,hau,afriberta,2.0,0.8043932266066228
273,global_cap_labels,0.7,hau,afro_xlmr,2.0,0.8127239145048114
274,global_cap_labels,0.7,hau,mbert,2.0,0.7856171473019483
275,global_cap_labels,0.7,hau,xlmr,2.0,0.8308421826889653
276,global_cap_labels,0.7,ibo,afriberta,2.0,0.7803248030846032
277,global_cap_labels,0.7,ibo,afro_xlmr,2.0,0.7565055348923341
278,global_cap_labels,0.7,ibo,mbert,2.0,0.7302841734920299
279,global_cap_labels,0.7,ibo,xlmr,2.0,0.7505152509047989
280,global_cap_labels,0.7,kin,afriberta,2.0,0.6492222577383577
281,global_cap_labels,0.7,kin,afro_xlmr,2.0,0.6722836589536326
282,global_cap_labels,0.7,kin,mbert,2.0,0.6233339105657524
283,global_cap_labels,0.7,kin,xlmr,2.0,0.6616917783666101
284,global_cap_labels,0.7,lug,afriberta,2.0,0.6676707279755698
285,global_cap_labels,0.7,lug,afro_xlmr,2.0,0.7001967562650862
286,global_cap_labels,0.7,lug,mbert,2.0,0.6863452249283098
287,global_cap_labels,0.7,lug,xlmr,2.0,0.6814541226418361
288,global_cap_labels,0.7,luo,afriberta,2.0,0.5341575648074457
289,global_cap_labels,0.7,luo,afro_xlmr,2.0,0.5440758899536863
290,global_cap_labels,0.7,luo,mbert,2.0,0.5789884739710494
291,global_cap_labels,0.7,luo,xlmr,2.0,0.5348273434424505
292,global_cap_labels,0.7,pcm,afriberta,2.0,0.7295766765640636
293,global_cap_labels,0.7,pcm,afro_xlmr,2.0,0.7746801207783868
294,global_cap_labels,0.7,pcm,mbert,2.0,0.7743751586114964
295,global_cap_labels,0.7,pcm,xlmr,2.0,0.7500460456593231
296,global_cap_labels,0.7,swa,afriberta,2.0,0.7782317603107144
297,global_cap_labels,0.7,swa,afro_xlmr,2.0,0.793298080681169
298,global_cap_labels,0.7,swa,mbert,2.0,0.7785173824321655
299,global_cap_labels,0.7,swa,xlmr,2.0,0.8019334302192299
300,global_cap_labels,0.7,wol,afriberta,2.0,0.5507980164187191
301,global_cap_labels,0.7,wol,afro_xlmr,2.0,0.5465286685919494
302,global_cap_labels,0.7,wol,mbert,2.0,0.587845296800274
303,global_cap_labels,0.7,wol,xlmr,2.0,0.5658492428533091
304,global_cap_labels,0.7,yor,afriberta,2.0,0.611699443755841
305,global_cap_labels,0.7,yor,afro_xlmr,2.0,0.6690995223222985
306,global_cap_labels,0.7,yor,mbert,2.0,0.6807560713750141
307,global_cap_labels,0.7,yor,xlmr,2.0,0.6602928345550209
308,global_cap_labels,0.8,amh,afriberta,2.0,0.6616400692851195
309,global_cap_labels,0.8,amh,afro_xlmr,2.0,0.6965002348193964
310,global_cap_labels,0.8,amh,mbert,2.0,0.0
311,global_cap_labels,0.8,amh,xlmr,2.0,0.6798362877347138
312,global_cap_labels,0.8,conll_2003_en,afriberta,2.0,0.8368939543916424
313,global_cap_labels,0.8,conll_2003_en,afro_xlmr,2.0,0.8806419205462664
314,global_cap_labels,0.8,conll_2003_en,mbert,2.0,0.8747589133312575
315,global_cap_labels,0.8,conll_2003_en,xlmr,2.0,0.8815291062845695
316,global_cap_labels,0.8,hau,afriberta,2.0,0.8556849703934223
317,global_cap_labels,0.8,hau,afro_xlmr,2.0,0.8533143011024485
318,global_cap_labels,0.8,hau,mbert,2.0,0.8054452569659705
319,global_cap_labels,0.8,hau,xlmr,2.0,0.8576953556054939
320,global_cap_labels,0.8,ibo,afriberta,2.0,0.8307676040628201
321,global_cap_labels,0.8,ibo,afro_xlmr,2.0,0.8293358217653412
322,global_cap_labels,0.8,ibo,mbert,2.0,0.7750367421739729
323,global_cap_labels,0.8,ibo,xlmr,2.0,0.7802602667980517
324,global_cap_labels,0.8,kin,afriberta,2.0,0.6769687249417761
325,global_cap_labels,0.8,kin,afro_xlmr,2.0,0.7240262105699494
326,global_cap_labels,0.8,kin,mbert,2.0,0.6718140144357959
327,global_cap_labels,0.8,kin,xlmr,2.0,0.6745332640134626
328,global_cap_labels,0.8,lug,afriberta,2.0,0.7318409013468711
329,global_cap_labels,0.8,lug,afro_xlmr,2.0,0.7644979663425001
330,global_cap_labels,0.8,lug,mbert,2.0,0.7469261088671951
331,global_cap_labels,0.8,lug,xlmr,2.0,0.7235028328241707
332,global_cap_labels,0.8,luo,afriberta,2.0,0.6171009407580064
333,global_cap_labels,0.8,luo,afro_xlmr,2.0,0.6134192741592166
334,global_cap_labels,0.8,luo,mbert,2.0,0.6536614892407691
335,global_cap_labels,0.8,luo,xlmr,2.0,0.6252104326514111
336,global_cap_labels,0.8,pcm,afriberta,2.0,0.7958027045984094
337,global_cap_labels,0.8,pcm,afro_xlmr,2.0,0.8357413507208635
338,global_cap_labels,0.8,pcm,mbert,2.0,0.8206531593524599
339,global_cap_labels,0.8,pcm,xlmr,2.0,0.8103829252576427
340,global_cap_labels,0.8,swa,afriberta,2.0,0.8265834127057925
341,global_cap_labels,0.8,swa,afro_xlmr,2.0,0.8466196961073177
342,global_cap_labels,0.8,swa,mbert,2.0,0.8171386848603279
343,global_cap_labels,0.8,swa,xlmr,2.0,0.8326087726671297
344,global_cap_labels,0.8,wol,afriberta,2.0,0.556270074737355
345,global_cap_labels,0.8,wol,afro_xlmr,2.0,0.6207986617208596
346,global_cap_labels,0.8,wol,mbert,2.0,0.621813123503831
347,global_cap_labels,0.8,wol,xlmr,2.0,0.6096447495377001
348,global_cap_labels,0.8,yor,afriberta,2.0,0.7005728330606402
349,global_cap_labels,0.8,yor,afro_xlmr,2.0,0.7405454780172839
350,global_cap_labels,0.8,yor,mbert,2.0,0.731545632449647
351,global_cap_labels,0.8,yor,xlmr,2.0,0.7073551690689662
352,global_cap_labels,0.9,amh,afriberta,2.0,0.6887050805457641
353,global_cap_labels,0.9,amh,afro_xlmr,2.0,0.7306172303180195
354,global_cap_labels,0.9,amh,mbert,2.0,0.0
355,global_cap_labels,0.9,amh,xlmr,2.0,0.6939648847261823
356,global_cap_labels,0.9,conll_2003_en,afriberta,2.0,0.867279713096642
357,global_cap_labels,0.9,conll_2003_en,afro_xlmr,2.0,0.9073364748341574
358,global_cap_labels,0.9,conll_2003_en,mbert,2.0,0.9097943987346935
359,global_cap_labels,0.9,conll_2003_en,xlmr,2.0,0.9056770692824716
360,global_cap_labels,0.9,hau,afriberta,2.0,0.8923877402733309
361,global_cap_labels,0.9,hau,afro_xlmr,2.0,0.8954595205977666
362,global_cap_labels,0.9,hau,mbert,2.0,0.8551669834197492
363,global_cap_labels,0.9,hau,xlmr,2.0,0.8819089650149348
364,global_cap_labels,0.9,ibo,afriberta,2.0,0.8600572076173468
365,global_cap_labels,0.9,ibo,afro_xlmr,2.0,0.8536891050977431
366,global_cap_labels,0.9,ibo,mbert,2.0,0.8297624877808744
367,global_cap_labels,0.9,ibo,xlmr,2.0,0.8196658882122682
368,global_cap_labels,0.9,kin,afriberta,2.0,0.7163022966499458
369,global_cap_labels,0.9,kin,afro_xlmr,2.0,0.7656172979489765
370,global_cap_labels,0.9,kin,mbert,2.0,0.7050054121492294
371,global_cap_labels,0.9,kin,xlmr,2.0,0.724381684464784
372,global_cap_labels,0.9,lug,afriberta,2.0,0.7647745745762081
373,global_cap_labels,0.9,lug,afro_xlmr,2.0,0.8130572778798021
374,global_cap_labels,0.9,lug,mbert,2.0,0.7887686371556412
375,global_cap_labels,0.9,lug,xlmr,2.0,0.7617029948379214
376,global_cap_labels,0.9,luo,afriberta,2.0,0.6403710908274728
377,global_cap_labels,0.9,luo,afro_xlmr,2.0,0.657275374746234
378,global_cap_labels,0.9,luo,mbert,2.0,0.6948082731567461
379,global_cap_labels,0.9,luo,xlmr,2.0,0.679450632573674
380,global_cap_labels,0.9,pcm,afriberta,2.0,0.8309564959623702
381,global_cap_labels,0.9,pcm,afro_xlmr,2.0,0.8730014421240448
382,global_cap_labels,0.9,pcm,mbert,2.0,0.8688184535734836
383,global_cap_labels,0.9,pcm,xlmr,2.0,0.8372492563372692
384,global_cap_labels,0.9,swa,afriberta,2.0,0.8621860990027349
385,global_cap_labels,0.9,swa,afro_xlmr,2.0,0.8791524897833142
386,global_cap_labels,0.9,swa,mbert,2.0,0.8463985035380929
387,global_cap_labels,0.9,swa,xlmr,2.0,0.8665917254495676
388,global_cap_labels,0.9,wol,afriberta,2.0,0.6104983836133749
389,global_cap_labels,0.9,wol,afro_xlmr,2.0,0.6596085078595947
390,global_cap_labels,0.9,wol,mbert,2.0,0.6344459319413666
391,global_cap_labels,0.9,wol,xlmr,2.0,0.6259705815871731
392,global_cap_labels,0.9,yor,afriberta,2.0,0.7738513027930557
393,global_cap_labels,0.9,yor,afro_xlmr,2.0,0.8043324398782249
394,global_cap_labels,0.9,yor,mbert,2.0,0.7912102712165385
395,global_cap_labels,0.9,yor,xlmr,2.0,0.7630516506560997
396,global_cap_labels,1.0,amh,afriberta,2.0,0.7207172670195217
397,global_cap_labels,1.0,amh,afro_xlmr,2.0,0.7586093864528455
398,global_cap_labels,1.0,amh,mbert,2.0,0.0
399,global_cap_labels,1.0,amh,xlmr,2.0,0.7192244164066267
400,global_cap_labels,1.0,conll_2003_en,afriberta,2.0,0.8853267599014808
401,global_cap_labels,1.0,conll_2003_en,afro_xlmr,2.0,0.9275711232844435
402,global_cap_labels,1.0,conll_2003_en,mbert,2.0,0.9255676773121156
403,global_cap_labels,1.0,conll_2003_en,xlmr,2.0,0.9267708114240691
404,global_cap_labels,1.0,hau,afriberta,2.0,0.8999548786746616
405,global_cap_labels,1.0,hau,afro_xlmr,2.0,0.9075558309119724
406,global_cap_labels,1.0,hau,mbert,2.0,0.8724743248094503
407,global_cap_labels,1.0,hau,xlmr,2.0,0.8976799704950357
408,global_cap_labels,1.0,ibo,afriberta,2.0,0.8707889464204532
409,global_cap_labels,1.0,ibo,afro_xlmr,2.0,0.8698529416482051
410,global_cap_labels,1.0,ibo,mbert,2.0,0.8465652812586656
411,global_cap_labels,1.0,ibo,xlmr,2.0,0.8324991297729459
412,global_cap_labels,1.0,kin,afriberta,2.0,0.7409175204823232
413,global_cap_labels,1.0,kin,afro_xlmr,2.0,0.7807989314864532
414,global_cap_labels,1.0,kin,mbert,2.0,0.7071596116592316
415,global_cap_labels,1.0,kin,xlmr,2.0,0.724523632955124
416,global_cap_labels,1.0,lug,afriberta,2.0,0.7871285169410512
417,global_cap_labels,1.0,lug,afro_xlmr,2.0,0.8130189061322852
418,global_cap_labels,1.0,lug,mbert,2.0,0.7955236570165599
419,global_cap_labels,1.0,lug,xlmr,2.0,0.7772996183035449
420,global_cap_labels,1.0,luo,afriberta,2.0,0.6806890653921517
421,global_cap_labels,1.0,luo,afro_xlmr,2.0,0.692315246033452
422,global_cap_labels,1.0,luo,mbert,2.0,0.7165046460318539
423,global_cap_labels,1.0,luo,xlmr,2.0,0.6944046417139269
424,global_cap_labels,1.0,pcm,afriberta,2.0,0.8550722102933078
425,global_cap_labels,1.0,pcm,afro_xlmr,2.0,0.8923641072628165
426,global_cap_labels,1.0,pcm,mbert,2.0,0.8801284617900839
427,global_cap_labels,1.0,pcm,xlmr,2.0,0.8620719637192845
428,global_cap_labels,1.0,swa,afriberta,2.0,0.8752107648482964
429,global_cap_labels,1.0,swa,afro_xlmr,2.0,0.8833017962255999
430,global_cap_labels,1.0,swa,mbert,2.0,0.8595890173251318
431,global_cap_labels,1.0,swa,xlmr,2.0,0.8745172249557681
432,global_cap_labels,1.0,wol,afriberta,2.0,0.6140960532397841
433,global_cap_labels,1.0,wol,afro_xlmr,2.0,0.661006647365737
434,global_cap_labels,1.0,wol,mbert,2.0,0.6338198466764841
435,global_cap_labels,1.0,wol,xlmr,2.0,0.6389315154529768
436,global_cap_labels,1.0,yor,afriberta,2.0,0.7932402354394155
437,global_cap_labels,1.0,yor,afro_xlmr,2.0,0.8088684496332744
438,global_cap_labels,1.0,yor,mbert,2.0,0.7867007242495249
439,global_cap_labels,1.0,yor,xlmr,2.0,0.7651361871002007
440,global_cap_sentences,0.1,amh,afriberta,2.0,0.5923189526618177
441,global_cap_sentences,0.1,amh,afro_xlmr,2.0,0.5956247902675725
442,global_cap_sentences,0.1,amh,mbert,2.0,0.0
443,global_cap_sentences,0.1,amh,xlmr,2.0,0.4293277016078805
444,global_cap_sentences,0.1,conll_2003_en,afriberta,2.0,0.8295682709133319
445,global_cap_sentences,0.1,conll_2003_en,afro_xlmr,2.0,0.9028119804497129
446,global_cap_sentences,0.1,conll_2003_en,mbert,2.0,0.9068775286003773
447,global_cap_sentences,0.1,conll_2003_en,xlmr,2.0,0.8999916746257489
448,global_cap_sentences,0.1,hau,afriberta,2.0,0.8225999038460642
449,global_cap_sentences,0.1,hau,afro_xlmr,2.0,0.7533392517621059
450,global_cap_sentences,0.1,hau,mbert,2.0,0.6884152431243019
451,global_cap_sentences,0.1,hau,xlmr,2.0,0.749605309226547
452,global_cap_sentences,0.1,ibo,afriberta,2.0,0.8025238439546297
453,global_cap_sentences,0.1,ibo,afro_xlmr,2.0,0.7381050203480449
454,global_cap_sentences,0.1,ibo,mbert,2.0,0.6575311913653926
455,global_cap_sentences,0.1,ibo,xlmr,2.0,0.6032734497234972
456,global_cap_sentences,0.1,kin,afriberta,2.0,0.6264726653709146
457,global_cap_sentences,0.1,kin,afro_xlmr,2.0,0.6456948381301795
458,global_cap_sentences,0.1,kin,mbert,2.0,0.569526616210986
459,global_cap_sentences,0.1,kin,xlmr,2.0,0.45991225844003186
460,global_cap_sentences,0.1,lug,afriberta,2.0,0.6177301156472946
461,global_cap_sentences,0.1,lug,afro_xlmr,2.0,0.6332833695621685
462,global_cap_sentences,0.1,lug,mbert,2.0,0.6102223650840147
463,global_cap_sentences,0.1,lug,xlmr,2.0,0.5192319005136404
464,global_cap_sentences,0.1,luo,afriberta,2.0,0.2946725438486118
465,global_cap_sentences,0.1,luo,afro_xlmr,2.0,0.0
466,global_cap_sentences,0.1,luo,mbert,2.0,0.27546095876749316
467,global_cap_sentences,0.1,luo,xlmr,2.0,0.016671398482737677
468,global_cap_sentences,0.1,pcm,afriberta,2.0,0.6908771681773839
469,global_cap_sentences,0.1,pcm,afro_xlmr,2.0,0.6501857545186096
470,global_cap_sentences,0.1,pcm,mbert,2.0,0.7237906091636246
471,global_cap_sentences,0.1,pcm,xlmr,2.0,0.5947473677789731
472,global_cap_sentences,0.1,swa,afriberta,2.0,0.8340655910126787
473,global_cap_sentences,0.1,swa,afro_xlmr,2.0,0.8334439328396832
474,global_cap_sentences,0.1,swa,mbert,2.0,0.797676538495371
475,global_cap_sentences,0.1,swa,xlmr,2.0,0.8155719641657245
476,global_cap_sentences,0.1,wol,afriberta,2.0,0.39959178740615026
477,global_cap_sentences,0.1,wol,afro_xlmr,2.0,0.2933369021968975
478,global_cap_sentences,0.1,wol,mbert,2.0,0.45425576172150955
479,global_cap_sentences,0.1,wol,xlmr,2.0,0.3921987725446217
480,global_cap_sentences,0.1,yor,afriberta,2.0,0.6648268809791953
481,global_cap_sentences,0.1,yor,afro_xlmr,2.0,0.5997796813479385
482,global_cap_sentences,0.1,yor,mbert,2.0,0.6685660457945999
483,global_cap_sentences,0.1,yor,xlmr,2.0,0.5206927176277151
484,global_cap_sentences,0.2,amh,afriberta,2.0,0.6323454706263529
485,global_cap_sentences,0.2,amh,afro_xlmr,2.0,0.6956238806790696
486,global_cap_sentences,0.2,amh,mbert,2.0,0.0
487,global_cap_sentences,0.2,amh,xlmr,2.0,0.6098321100315008
488,global_cap_sentences,0.2,conll_2003_en,afriberta,2.0,0.8559208938996777
489,global_cap_sentences,0.2,conll_2003_en,afro_xlmr,2.0,0.9118834927349734
490,global_cap_sentences,0.2,conll_2003_en,mbert,2.0,0.9144528087448288
491,global_cap_sentences,0.2,conll_2003_en,xlmr,2.0,0.9133770162133305
492,global_cap_sentences,0.2,hau,afriberta,2.0,0.8559177002798414
493,global_cap_sentences,0.2,hau,afro_xlmr,2.0,0.8625684799765186
494,global_cap_sentences,0.2,hau,mbert,2.0,0.7862981898046172
495,global_cap_sentences,0.2,hau,xlmr,2.0,0.8398641767008851
496,global_cap_sentences,0.2,ibo,afriberta,2.0,0.8332832379111448
497,global_cap_sentences,0.2,ibo,afro_xlmr,2.0,0.8282808120069157
498,global_cap_sentences,0.2,ibo,mbert,2.0,0.7478437260395028
499,global_cap_sentences,0.2,ibo,xlmr,2.0,0.7430053285878765
500,global_cap_sentences,0.2,kin,afriberta,2.0,0.672615706629041
501,global_cap_sentences,0.2,kin,afro_xlmr,2.0,0.7456862668642618
502,global_cap_sentences,0.2,kin,mbert,2.0,0.6217304235751926
503,global_cap_sentences,0.2,kin,xlmr,2.0,0.6120260793343358
504,global_cap_sentences,0.2,lug,afriberta,2.0,0.6724864704142434
505,global_cap_sentences,0.2,lug,afro_xlmr,2.0,0.7063872556593639
506,global_cap_sentences,0.2,lug,mbert,2.0,0.6726651586275385
507,global_cap_sentences,0.2,lug,xlmr,2.0,0.6346789568167877
508,global_cap_sentences,0.2,luo,afriberta,2.0,0.47166377207170235
509,global_cap_sentences,0.2,luo,afro_xlmr,2.0,0.23212144900956985
510,global_cap_sentences,0.2,luo,mbert,2.0,0.31623920886293505
511,global_cap_sentences,0.2,luo,xlmr,2.0,0.18417328010303216
512,global_cap_sentences,0.2,pcm,afriberta,2.0,0.784614666300914
513,global_cap_sentences,0.2,pcm,afro_xlmr,2.0,0.8008603159523332
514,global_cap_sentences,0.2,pcm,mbert,2.0,0.8135398051726913
515,global_cap_sentences,0.2,pcm,xlmr,2.0,0.7544766022678352
516,global_cap_sentences,0.2,swa,afriberta,2.0,0.8484663686251133
517,global_cap_sentences,0.2,swa,afro_xlmr,2.0,0.8586231584155279
518,global_cap_sentences,0.2,swa,mbert,2.0,0.8038123559135668
519,global_cap_sentences,0.2,swa,xlmr,2.0,0.841207407804573
520,global_cap_sentences,0.2,wol,afriberta,2.0,0.5255579215627318
521,global_cap_sentences,0.2,wol,afro_xlmr,2.0,0.53169407328638
522,global_cap_sentences,0.2,wol,mbert,2.0,0.5475820648234442
523,global_cap_sentences,0.2,wol,xlmr,2.0,0.5564134712105314
524,global_cap_sentences,0.2,yor,afriberta,2.0,0.7367833576016433
525,global_cap_sentences,0.2,yor,afro_xlmr,2.0,0.7413562664548713
526,global_cap_sentences,0.2,yor,mbert,2.0,0.7216254018379807
527,global_cap_sentences,0.2,yor,xlmr,2.0,0.6449356223615703
528,global_cap_sentences,0.3,amh,afriberta,2.0,0.6626074923750859
529,global_cap_sentences,0.3,amh,afro_xlmr,2.0,0.7009108241950482
530,global_cap_sentences,0.3,amh,mbert,2.0,0.0
531,global_cap_sentences,0.3,amh,xlmr,2.0,0.6586140946651161
532,global_cap_sentences,0.3,conll_2003_en,afriberta,2.0,0.8676218547652662
533,global_cap_sentences,0.3,conll_2003_en,afro_xlmr,2.0,0.9210799318271096
534,global_cap_sentences,0.3,conll_2003_en,mbert,2.0,0.916871554221324
535,global_cap_sentences,0.3,conll_2003_en,xlmr,2.0,0.9139235571579568
536,global_cap_sentences,0.3,hau,afriberta,2.0,0.860385079827461
537,global_cap_sentences,0.3,hau,afro_xlmr,2.0,0.886885486004291
538,global_cap_sentences,0.3,hau,mbert,2.0,0.8224953537934033
539,global_cap_sentences,0.3,hau,xlmr,2.0,0.865535446646312
540,global_cap_sentences,0.3,ibo,afriberta,2.0,0.8531864839761975
541,global_cap_sentences,0.3,ibo,afro_xlmr,2.0,0.8366334542929085
542,global_cap_sentences,0.3,ibo,mbert,2.0,0.7561679550699427
543,global_cap_sentences,0.3,ibo,xlmr,2.0,0.7815826965496289
544,global_cap_sentences,0.3,kin,afriberta,2.0,0.6944052100985522
545,global_cap_sentences,0.3,kin,afro_xlmr,2.0,0.7666651433455552
546,global_cap_sentences,0.3,kin,mbert,2.0,0.6515010939875983
547,global_cap_sentences,0.3,kin,xlmr,2.0,0.6507840101589067
548,global_cap_sentences,0.3,lug,afriberta,2.0,0.719468612355731
549,global_cap_sentences,0.3,lug,afro_xlmr,2.0,0.757526336842612
550,global_cap_sentences,0.3,lug,mbert,2.0,0.7206577666618316
551,global_cap_sentences,0.3,lug,xlmr,2.0,0.6759898383695528
552,global_cap_sentences,0.3,luo,afriberta,2.0,0.538320552743821
553,global_cap_sentences,0.3,luo,afro_xlmr,2.0,0.42908677043636617
554,global_cap_sentences,0.3,luo,mbert,2.0,0.5437927796287104
555,global_cap_sentences,0.3,luo,xlmr,2.0,0.49382701159822306
556,global_cap_sentences,0.3,pcm,afriberta,2.0,0.7991641224594987
557,global_cap_sentences,0.3,pcm,afro_xlmr,2.0,0.8400161634030826
558,global_cap_sentences,0.3,pcm,mbert,2.0,0.8318718269368457
559,global_cap_sentences,0.3,pcm,xlmr,2.0,0.8040531262735673
560,global_cap_sentences,0.3,swa,afriberta,2.0,0.8467069401110091
561,global_cap_sentences,0.3,swa,afro_xlmr,2.0,0.8640559814985886
562,global_cap_sentences,0.3,swa,mbert,2.0,0.8342157897693939
563,global_cap_sentences,0.3,swa,xlmr,2.0,0.8557218577828865
564,global_cap_sentences,0.3,wol,afriberta,2.0,0.5559820430309377
565,global_cap_sentences,0.3,wol,afro_xlmr,2.0,0.565478043977545
566,global_cap_sentences,0.3,wol,mbert,2.0,0.5606160768912453
567,global_cap_sentences,0.3,wol,xlmr,2.0,0.5646975037360411
568,global_cap_sentences,0.3,yor,afriberta,2.0,0.7426849358558149
569,global_cap_sentences,0.3,yor,afro_xlmr,2.0,0.7604861790476217
570,global_cap_sentences,0.3,yor,mbert,2.0,0.7447178370778585
571,global_cap_sentences,0.3,yor,xlmr,2.0,0.7053630373708413
572,global_cap_sentences,0.4,amh,afriberta,2.0,0.7017365971112235
573,global_cap_sentences,0.4,amh,afro_xlmr,2.0,0.7515041255531894
574,global_cap_sentences,0.4,amh,mbert,2.0,0.0
575,global_cap_sentences,0.4,amh,xlmr,2.0,0.6693398391938938
576,global_cap_sentences,0.4,conll_2003_en,afriberta,2.0,0.8711178460840115
577,global_cap_sentences,0.4,conll_2003_en,afro_xlmr,2.0,0.9200370529310637
578,global_cap_sentences,0.4,conll_2003_en,mbert,2.0,0.9183532032276837
579,global_cap_sentences,0.4,conll_2003_en,xlmr,2.0,0.915287265416711
580,global_cap_sentences,0.4,hau,afriberta,2.0,0.8826483104709327
581,global_cap_sentences,0.4,hau,afro_xlmr,2.0,0.895873804211893
582,global_cap_sentences,0.4,hau,mbert,2.0,0.8316603714158814
583,global_cap_sentences,0.4,hau,xlmr,2.0,0.8824712427087916
584,global_cap_sentences,0.4,ibo,afriberta,2.0,0.8645487137349179
585,global_cap_sentences,0.4,ibo,afro_xlmr,2.0,0.864767396470001
586,global_cap_sentences,0.4,ibo,mbert,2.0,0.8183166958689956
587,global_cap_sentences,0.4,ibo,xlmr,2.0,0.818336447758008
588,global_cap_sentences,0.4,kin,afriberta,2.0,0.7022809826562054
589,global_cap_sentences,0.4,kin,afro_xlmr,2.0,0.7559266955549244
590,global_cap_sentences,0.4,kin,mbert,2.0,0.6589179478946274
591,global_cap_sentences,0.4,kin,xlmr,2.0,0.6690947861088569
592,global_cap_sentences,0.4,lug,afriberta,2.0,0.7308295381911153
593,global_cap_sentences,0.4,lug,afro_xlmr,2.0,0.7799278148025124
594,global_cap_sentences,0.4,lug,mbert,2.0,0.7428116346909718
595,global_cap_sentences,0.4,lug,xlmr,2.0,0.7083460413636349
596,global_cap_sentences,0.4,luo,afriberta,2.0,0.5418463230389495
597,global_cap_sentences,0.4,luo,afro_xlmr,2.0,0.4536933373675318
598,global_cap_sentences,0.4,luo,mbert,2.0,0.5828429687261663
599,global_cap_sentences,0.4,luo,xlmr,2.0,0.5284670946868265
600,global_cap_sentences,0.4,pcm,afriberta,2.0,0.8170222081094275
601,global_cap_sentences,0.4,pcm,afro_xlmr,2.0,0.8700145063807896
602,global_cap_sentences,0.4,pcm,mbert,2.0,0.8469773535282178
603,global_cap_sentences,0.4,pcm,xlmr,2.0,0.8230670731439466
604,global_cap_sentences,0.4,swa,afriberta,2.0,0.8587379396202927
605,global_cap_sentences,0.4,swa,afro_xlmr,2.0,0.8710585783455591
606,global_cap_sentences,0.4,swa,mbert,2.0,0.8441539113234163
607,global_cap_sentences,0.4,swa,xlmr,2.0,0.8602656532961389
608,global_cap_sentences,0.4,wol,afriberta,2.0,0.5588316422625123
609,global_cap_sentences,0.4,wol,afro_xlmr,2.0,0.6107813783863558
610,global_cap_sentences,0.4,wol,mbert,2.0,0.61001070182748
611,global_cap_sentences,0.4,wol,xlmr,2.0,0.5746634119979316
612,global_cap_sentences,0.4,yor,afriberta,2.0,0.7593371197505517
613,global_cap_sentences,0.4,yor,afro_xlmr,2.0,0.7532070009448981
614,global_cap_sentences,0.4,yor,mbert,2.0,0.7562616677689878
615,global_cap_sentences,0.4,yor,xlmr,2.0,0.7084011598255747
616,global_cap_sentences,0.5,amh,afriberta,2.0,0.6945146921939972
617,global_cap_sentences,0.5,amh,afro_xlmr,2.0,0.735147654932551
618,global_cap_sentences,0.5,amh,mbert,2.0,0.0
619,global_cap_sentences,0.5,amh,xlmr,2.0,0.6941737409702574
620,global_cap_sentences,0.5,conll_2003_en,afriberta,2.0,0.8779509230332514
621,global_cap_sentences,0.5,conll_2003_en,afro_xlmr,2.0,0.9230828655126602
622,global_cap_sentences,0.5,conll_2003_en,mbert,2.0,0.9222794050914445
623,global_cap_sentences,0.5,conll_2003_en,xlmr,2.0,0.9185835079413699
624,global_cap_sentences,0.5,hau,afriberta,2.0,0.8810440305245727
625,global_cap_sentences,0.5,hau,afro_xlmr,2.0,0.8920715949205537
626,global_cap_sentences,0.5,hau,mbert,2.0,0.8313457115027871
627,global_cap_sentences,0.5,hau,xlmr,2.0,0.8826680551400128
628,global_cap_sentences,0.5,ibo,afriberta,2.0,0.8553624163582669
629,global_cap_sentences,0.5,ibo,afro_xlmr,2.0,0.8485948745680657
630,global_cap_sentences,0.5,ibo,mbert,2.0,0.8184641322964236
631,global_cap_sentences,0.5,ibo,xlmr,2.0,0.8116935757200702
632,global_cap_sentences,0.5,kin,afriberta,2.0,0.7209855274042681
633,global_cap_sentences,0.5,kin,afro_xlmr,2.0,0.7709986277224941
634,global_cap_sentences,0.5,kin,mbert,2.0,0.6838374949256538
635,global_cap_sentences,0.5,kin,xlmr,2.0,0.6920546274977274
636,global_cap_sentences,0.5,lug,afriberta,2.0,0.747034650659053
637,global_cap_sentences,0.5,lug,afro_xlmr,2.0,0.7976532086360076
638,global_cap_sentences,0.5,lug,mbert,2.0,0.7601236255454751
639,global_cap_sentences,0.5,lug,xlmr,2.0,0.727131967632567
640,global_cap_sentences,0.5,luo,afriberta,2.0,0.6161094421139941
641,global_cap_sentences,0.5,luo,afro_xlmr,2.0,0.5801104826858684
642,global_cap_sentences,0.5,luo,mbert,2.0,0.6885929985220738
643,global_cap_sentences,0.5,luo,xlmr,2.0,0.5836053460991231
644,global_cap_sentences,0.5,pcm,afriberta,2.0,0.8286306950921475
645,global_cap_sentences,0.5,pcm,afro_xlmr,2.0,0.8736424860211711
646,global_cap_sentences,0.5,pcm,mbert,2.0,0.8537800123027068
647,global_cap_sentences,0.5,pcm,xlmr,2.0,0.8253155546229647
648,global_cap_sentences,0.5,swa,afriberta,2.0,0.856992346330424
649,global_cap_sentences,0.5,swa,afro_xlmr,2.0,0.863249571506156
650,global_cap_sentences,0.5,swa,mbert,2.0,0.8433204933349572
651,global_cap_sentences,0.5,swa,xlmr,2.0,0.8546734687580981
652,global_cap_sentences,0.5,wol,afriberta,2.0,0.5926147925485904
653,global_cap_sentences,0.5,wol,afro_xlmr,2.0,0.6168031731669865
654,global_cap_sentences,0.5,wol,mbert,2.0,0.6178410839597391
655,global_cap_sentences,0.5,wol,xlmr,2.0,0.60206022636355
656,global_cap_sentences,0.5,yor,afriberta,2.0,0.7726684428396583
657,global_cap_sentences,0.5,yor,afro_xlmr,2.0,0.7870748038554582
658,global_cap_sentences,0.5,yor,mbert,2.0,0.7610343720117166
659,global_cap_sentences,0.5,yor,xlmr,2.0,0.7271558578409628
660,global_cap_sentences,0.6,amh,afriberta,2.0,0.7019195407245439
661,global_cap_sentences,0.6,amh,afro_xlmr,2.0,0.7522944160511494
662,global_cap_sentences,0.6,amh,mbert,2.0,0.0
663,global_cap_sentences,0.6,amh,xlmr,2.0,0.7204884055917479
664,global_cap_sentences,0.6,conll_2003_en,afriberta,2.0,0.8768290497954135
665,global_cap_sentences,0.6,conll_2003_en,afro_xlmr,2.0,0.9241768707165364
666,global_cap_sentences,0.6,conll_2003_en,mbert,2.0,0.9211934968289167
667,global_cap_sentences,0.6,conll_2003_en,xlmr,2.0,0.9231702891308693
668,global_cap_sentences,0.6,hau,afriberta,2.0,0.8864009362134114
669,global_cap_sentences,0.6,hau,afro_xlmr,2.0,0.9065815855782389
670,global_cap_sentences,0.6,hau,mbert,2.0,0.8375905668212077
671,global_cap_sentences,0.6,hau,xlmr,2.0,0.8870225761848373
672,global_cap_sentences,0.6,ibo,afriberta,2.0,0.8667209184295475
673,global_cap_sentences,0.6,ibo,afro_xlmr,2.0,0.8581362695938096
674,global_cap_sentences,0.6,ibo,mbert,2.0,0.8284101415034248
675,global_cap_sentences,0.6,ibo,xlmr,2.0,0.8312757909279546
676,global_cap_sentences,0.6,kin,afriberta,2.0,0.7272744943616284
677,global_cap_sentences,0.6,kin,afro_xlmr,2.0,0.7656126176925847
678,global_cap_sentences,0.6,kin,mbert,2.0,0.6845714770516421
679,global_cap_sentences,0.6,kin,xlmr,2.0,0.6903901536420464
680,global_cap_sentences,0.6,lug,afriberta,2.0,0.7538183932284829
681,global_cap_sentences,0.6,lug,afro_xlmr,2.0,0.7956205379747515
682,global_cap_sentences,0.6,lug,mbert,2.0,0.754484375814145
683,global_cap_sentences,0.6,lug,xlmr,2.0,0.7367452550429195
684,global_cap_sentences,0.6,luo,afriberta,2.0,0.6038455617046204
685,global_cap_sentences,0.6,luo,afro_xlmr,2.0,0.6025079142537159
686,global_cap_sentences,0.6,luo,mbert,2.0,0.6736295163961362
687,global_cap_sentences,0.6,luo,xlmr,2.0,0.6406130244473527
688,global_cap_sentences,0.6,pcm,afriberta,2.0,0.8402741170268845
689,global_cap_sentences,0.6,pcm,afro_xlmr,2.0,0.8795407899010655
690,global_cap_sentences,0.6,pcm,mbert,2.0,0.8657198378061386
691,global_cap_sentences,0.6,pcm,xlmr,2.0,0.8568230580569655
692,global_cap_sentences,0.6,swa,afriberta,2.0,0.8630953376749071
693,global_cap_sentences,0.6,swa,afro_xlmr,2.0,0.8822975710448654
694,global_cap_sentences,0.6,swa,mbert,2.0,0.8395159810531823
695,global_cap_sentences,0.6,swa,xlmr,2.0,0.8584946685425457
696,global_cap_sentences,0.6,wol,afriberta,2.0,0.5786781881624861
697,global_cap_sentences,0.6,wol,afro_xlmr,2.0,0.6185162661056037
698,global_cap_sentences,0.6,wol,mbert,2.0,0.6096789290578631
699,global_cap_sentences,0.6,wol,xlmr,2.0,0.5796520302025954
700,global_cap_sentences,0.6,yor,afriberta,2.0,0.7732563776291537
701,global_cap_sentences,0.6,yor,afro_xlmr,2.0,0.7845243090985612
702,global_cap_sentences,0.6,yor,mbert,2.0,0.7668806965089439
703,global_cap_sentences,0.6,yor,xlmr,2.0,0.7359584309626078
704,global_cap_sentences,0.7,amh,afriberta,2.0,0.7039456407196202
705,global_cap_sentences,0.7,amh,afro_xlmr,2.0,0.7367721352175662
706,global_cap_sentences,0.7,amh,mbert,2.0,0.0
707,global_cap_sentences,0.7,amh,xlmr,2.0,0.7114616154393042
708,global_cap_sentences,0.7,conll_2003_en,afriberta,2.0,0.8787502560217973
709,global_cap_sentences,0.7,conll_2003_en,afro_xlmr,2.0,0.9272671731357561
710,global_cap_sentences,0.7,conll_2003_en,mbert,2.0,0.9238390535248363
711,global_cap_sentences,0.7,conll_2003_en,xlmr,2.0,0.922665359114344
712,global_cap_sentences,0.7,hau,afriberta,2.0,0.8881406136321822
713,global_cap_sentences,0.7,hau,afro_xlmr,2.0,0.9024729423388105
714,global_cap_sentences,0.7,hau,mbert,2.0,0.8516923944398419
715,global_cap_sentences,0.7,hau,xlmr,2.0,0.885034940967687
716,global_cap_sentences,0.7,ibo,afriberta,2.0,0.8724445972706593
717,global_cap_sentences,0.7,ibo,afro_xlmr,2.0,0.8576384506131003
718,global_cap_sentences,0.7,ibo,mbert,2.0,0.8296246636907187
719,global_cap_sentences,0.7,ibo,xlmr,2.0,0.8254967328753154
720,global_cap_sentences,0.7,kin,afriberta,2.0,0.725528799301398
721,global_cap_sentences,0.7,kin,afro_xlmr,2.0,0.7696695906494639
722,global_cap_sentences,0.7,kin,mbert,2.0,0.6906898520113544
723,global_cap_sentences,0.7,kin,xlmr,2.0,0.7098237137348596
724,global_cap_sentences,0.7,lug,afriberta,2.0,0.7591779463885086
725,global_cap_sentences,0.7,lug,afro_xlmr,2.0,0.8007472053240606
726,global_cap_sentences,0.7,lug,mbert,2.0,0.775758489400288
727,global_cap_sentences,0.7,lug,xlmr,2.0,0.7535671264603105
728,global_cap_sentences,0.7,luo,afriberta,2.0,0.6637126556857224
729,global_cap_sentences,0.7,luo,afro_xlmr,2.0,0.6681521804875099
730,global_cap_sentences,0.7,luo,mbert,2.0,0.7069805184036951
731,global_cap_sentences,0.7,luo,xlmr,2.0,0.6432362999701474
732,global_cap_sentences,0.7,pcm,afriberta,2.0,0.8374506613987291
733,global_cap_sentences,0.7,pcm,afro_xlmr,2.0,0.880498368027125
734,global_cap_sentences,0.7,pcm,mbert,2.0,0.8693213407966773
735,global_cap_sentences,0.7,pcm,xlmr,2.0,0.8602663228103027
736,global_cap_sentences,0.7,swa,afriberta,2.0,0.8646434689894602
737,global_cap_sentences,0.7,swa,afro_xlmr,2.0,0.8743680517795828
738,global_cap_sentences,0.7,swa,mbert,2.0,0.8495093939056467
739,global_cap_sentences,0.7,swa,xlmr,2.0,0.8681834096456599
740,global_cap_sentences,0.7,wol,afriberta,2.0,0.6121006319934678
741,global_cap_sentences,0.7,wol,afro_xlmr,2.0,0.6369276365516967
742,global_cap_sentences,0.7,wol,mbert,2.0,0.6301377795630668
743,global_cap_sentences,0.7,wol,xlmr,2.0,0.6231769924578208
744,global_cap_sentences,0.7,yor,afriberta,2.0,0.7944398513106637
745,global_cap_sentences,0.7,yor,afro_xlmr,2.0,0.8034459328844922
746,global_cap_sentences,0.7,yor,mbert,2.0,0.7731365339396615
747,global_cap_sentences,0.7,yor,xlmr,2.0,0.7581359133435898
748,global_cap_sentences,0.8,amh,afriberta,2.0,0.7141763676221681
749,global_cap_sentences,0.8,amh,afro_xlmr,2.0,0.7572413930945788
750,global_cap_sentences,0.8,amh,mbert,2.0,0.0
751,global_cap_sentences,0.8,amh,xlmr,2.0,0.7189596517242518
752,global_cap_sentences,0.8,conll_2003_en,afriberta,2.0,0.8836799153325824
753,global_cap_sentences,0.8,conll_2003_en,afro_xlmr,2.0,0.9256225693225999
754,global_cap_sentences,0.8,conll_2003_en,mbert,2.0,0.9242445963097836
755,global_cap_sentences,0.8,conll_2003_en,xlmr,2.0,0.9241622331785809
756,global_cap_sentences,0.8,hau,afriberta,2.0,0.9014491499851088
757,global_cap_sentences,0.8,hau,afro_xlmr,2.0,0.9114408162066544
758,global_cap_sentences,0.8,hau,mbert,2.0,0.8592656940068121
759,global_cap_sentences,0.8,hau,xlmr,2.0,0.8927333829451656
760,global_cap_sentences,0.8,ibo,afriberta,2.0,0.8737877348314034
761,global_cap_sentences,0.8,ibo,afro_xlmr,2.0,0.8669833398625647
762,global_cap_sentences,0.8,ibo,mbert,2.0,0.8358865642714971
763,global_cap_sentences,0.8,ibo,xlmr,2.0,0.8417471658414124
764,global_cap_sentences,0.8,kin,afriberta,2.0,0.7457720775076284
765,global_cap_sentences,0.8,kin,afro_xlmr,2.0,0.774744394435801
766,global_cap_sentences,0.8,kin,mbert,2.0,0.698401658431524
767,global_cap_sentences,0.8,kin,xlmr,2.0,0.730392206037379
768,global_cap_sentences,0.8,lug,afriberta,2.0,0.768818699819264
769,global_cap_sentences,0.8,lug,afro_xlmr,2.0,0.8115449702420211
770,global_cap_sentences,0.8,lug,mbert,2.0,0.7892841833618661
771,global_cap_sentences,0.8,lug,xlmr,2.0,0.7595362171128556
772,global_cap_sentences,0.8,luo,afriberta,2.0,0.6609615835970436
773,global_cap_sentences,0.8,luo,afro_xlmr,2.0,0.6494496586272173
774,global_cap_sentences,0.8,luo,mbert,2.0,0.7100008445362344
775,global_cap_sentences,0.8,luo,xlmr,2.0,0.6632340079693311
776,global_cap_sentences,0.8,pcm,afriberta,2.0,0.8599883960147792
777,global_cap_sentences,0.8,pcm,afro_xlmr,2.0,0.8891773464158111
778,global_cap_sentences,0.8,pcm,mbert,2.0,0.8801995285916928
779,global_cap_sentences,0.8,pcm,xlmr,2.0,0.8509187753764502
780,global_cap_sentences,0.8,swa,afriberta,2.0,0.8714483168619513
781,global_cap_sentences,0.8,swa,afro_xlmr,2.0,0.885335045520892
782,global_cap_sentences,0.8,swa,mbert,2.0,0.8548346088588342
783,global_cap_sentences,0.8,swa,xlmr,2.0,0.8739360538585035
784,global_cap_sentences,0.8,wol,afriberta,2.0,0.5992271311152391
785,global_cap_sentences,0.8,wol,afro_xlmr,2.0,0.6418739522085943
786,global_cap_sentences,0.8,wol,mbert,2.0,0.6219293303042662
787,global_cap_sentences,0.8,wol,xlmr,2.0,0.6387323566395877
788,global_cap_sentences,0.8,yor,afriberta,2.0,0.7853057117449614
789,global_cap_sentences,0.8,yor,afro_xlmr,2.0,0.8027181799454562
790,global_cap_sentences,0.8,yor,mbert,2.0,0.776566856900443
791,global_cap_sentences,0.8,yor,xlmr,2.0,0.7599552581810505
792,global_cap_sentences,0.9,amh,afriberta,2.0,0.7302269671544761
793,global_cap_sentences,0.9,amh,afro_xlmr,2.0,0.7593427606215385
794,global_cap_sentences,0.9,amh,mbert,2.0,0.0
795,global_cap_sentences,0.9,amh,xlmr,2.0,0.7222666770069264
796,global_cap_sentences,0.9,conll_2003_en,afriberta,2.0,0.8857635908327341
797,global_cap_sentences,0.9,conll_2003_en,afro_xlmr,2.0,0.929959283893396
798,global_cap_sentences,0.9,conll_2003_en,mbert,2.0,0.9264867152377511
799,global_cap_sentences,0.9,conll_2003_en,xlmr,2.0,0.9243868307825504
800,global_cap_sentences,0.9,hau,afriberta,2.0,0.8991855003338683
801,global_cap_sentences,0.9,hau,afro_xlmr,2.0,0.9076843173563276
802,global_cap_sentences,0.9,hau,mbert,2.0,0.8626049050587516
803,global_cap_sentences,0.9,hau,xlmr,2.0,0.8924727245221287
804,global_cap_sentences,0.9,ibo,afriberta,2.0,0.8680595306104472
805,global_cap_sentences,0.9,ibo,afro_xlmr,2.0,0.8640272467287441
806,global_cap_sentences,0.9,ibo,mbert,2.0,0.8334257097940876
807,global_cap_sentences,0.9,ibo,xlmr,2.0,0.8377506070449586
808,global_cap_sentences,0.9,kin,afriberta,2.0,0.738521313063194
809,global_cap_sentences,0.9,kin,afro_xlmr,2.0,0.7788607767381416
810,global_cap_sentences,0.9,kin,mbert,2.0,0.7061696043595115
811,global_cap_sentences,0.9,kin,xlmr,2.0,0.7243618563786672
812,global_cap_sentences,0.9,lug,afriberta,2.0,0.7802328172118672
813,global_cap_sentences,0.9,lug,afro_xlmr,2.0,0.8131643298361485
814,global_cap_sentences,0.9,lug,mbert,2.0,0.7774676003041078
815,global_cap_sentences,0.9,lug,xlmr,2.0,0.7668331091178947
816,global_cap_sentences,0.9,luo,afriberta,2.0,0.669989200861615
817,global_cap_sentences,0.9,luo,afro_xlmr,2.0,0.6932963701270319
818,global_cap_sentences,0.9,luo,mbert,2.0,0.7164189514009799
819,global_cap_sentences,0.9,luo,xlmr,2.0,0.6984438870558515
820,global_cap_sentences,0.9,pcm,afriberta,2.0,0.8497695198748686
821,global_cap_sentences,0.9,pcm,afro_xlmr,2.0,0.8914055761163747
822,global_cap_sentences,0.9,pcm,mbert,2.0,0.8834807905795407
823,global_cap_sentences,0.9,pcm,xlmr,2.0,0.8668426228971571
824,global_cap_sentences,0.9,swa,afriberta,2.0,0.8738916568276339
825,global_cap_sentences,0.9,swa,afro_xlmr,2.0,0.8815833961428566
826,global_cap_sentences,0.9,swa,mbert,2.0,0.8597397308696744
827,global_cap_sentences,0.9,swa,xlmr,2.0,0.8743764905322128
828,global_cap_sentences,0.9,wol,afriberta,2.0,0.6225561481919581
829,global_cap_sentences,0.9,wol,afro_xlmr,2.0,0.6562616193200861
830,global_cap_sentences,0.9,wol,mbert,2.0,0.637079453686117
831,global_cap_sentences,0.9,wol,xlmr,2.0,0.648981532426815
832,global_cap_sentences,0.9,yor,afriberta,2.0,0.7875017613137295
833,global_cap_sentences,0.9,yor,afro_xlmr,2.0,0.8049632245638677
834,global_cap_sentences,0.9,yor,mbert,2.0,0.7866220445513914
835,global_cap_sentences,0.9,yor,xlmr,2.0,0.747651906567223
836,global_cap_sentences,1.0,amh,afriberta,2.0,0.7207172670195217
837,global_cap_sentences,1.0,amh,afro_xlmr,2.0,0.7586093864528455
838,global_cap_sentences,1.0,amh,mbert,2.0,0.0
839,global_cap_sentences,1.0,amh,xlmr,2.0,0.7192244164066267
840,global_cap_sentences,1.0,conll_2003_en,afriberta,2.0,0.8866157357213748
841,global_cap_sentences,1.0,conll_2003_en,afro_xlmr,2.0,0.9275711232844435
842,global_cap_sentences,1.0,conll_2003_en,mbert,2.0,0.9255676773121156
843,global_cap_sentences,1.0,conll_2003_en,xlmr,2.0,0.9267708114240691
844,global_cap_sentences,1.0,hau,afriberta,2.0,0.8999548786746616
845,global_cap_sentences,1.0,hau,afro_xlmr,2.0,0.9075558309119724
846,global_cap_sentences,1.0,hau,mbert,2.0,0.8724743248094503
847,global_cap_sentences,1.0,hau,xlmr,2.0,0.8976799704950357
848,global_cap_sentences,1.0,ibo,afriberta,2.0,0.8707889464204532
849,global_cap_sentences,1.0,ibo,afro_xlmr,2.0,0.8698529416482051
850,global_cap_sentences,1.0,ibo,mbert,2.0,0.8465652812586656
851,global_cap_sentences,1.0,ibo,xlmr,2.0,0.8324991297729459
852,global_cap_sentences,1.0,kin,afriberta,2.0,0.7409175204823232
853,global_cap_sentences,1.0,kin,afro_xlmr,2.0,0.7807989314864532
854,global_cap_sentences,1.0,kin,mbert,2.0,0.7061084697793495
855,global_cap_sentences,1.0,kin,xlmr,2.0,0.7293659813275358
856,global_cap_sentences,1.0,lug,afriberta,2.0,0.7871285169410512
857,global_cap_sentences,1.0,lug,afro_xlmr,2.0,0.8130189061322852
858,global_cap_sentences,1.0,lug,mbert,1.5,0.7832867043531028
859,global_cap_sentences,1.0,lug,xlmr,2.0,0.7772996183035449
860,global_cap_sentences,1.0,luo,afriberta,2.0,0.6806890653921517
861,global_cap_sentences,1.0,luo,afro_xlmr,2.0,0.692315246033452
862,global_cap_sentences,1.0,luo,mbert,2.0,0.7165046460318539
863,global_cap_sentences,1.0,luo,xlmr,2.0,0.6944046417139269
864,global_cap_sentences,1.0,pcm,afriberta,1.5,0.8583658911975375
865,global_cap_sentences,1.0,pcm,afro_xlmr,2.0,0.8923641072628165
866,global_cap_sentences,1.0,pcm,mbert,2.0,0.8801284617900839
867,global_cap_sentences,1.0,pcm,xlmr,2.0,0.8620719637192845
868,global_cap_sentences,1.0,swa,afriberta,2.0,0.8752107648482964
869,global_cap_sentences,1.0,swa,afro_xlmr,2.0,0.8833017962255999
870,global_cap_sentences,1.0,swa,mbert,2.0,0.8595890173251318
871,global_cap_sentences,1.0,swa,xlmr,2.0,0.8745172249557681
872,global_cap_sentences,1.0,wol,afriberta,2.0,0.6140960532397841
873,global_cap_sentences,1.0,wol,afro_xlmr,2.0,0.661006647365737
874,global_cap_sentences,1.0,wol,mbert,2.0,0.6338198466764841
875,global_cap_sentences,1.0,wol,xlmr,2.0,0.6389315154529768
876,global_cap_sentences,1.0,yor,afriberta,2.0,0.7932402354394155
877,global_cap_sentences,1.0,yor,afro_xlmr,2.0,0.8088684496332744
878,global_cap_sentences,1.0,yor,mbert,2.0,0.7880304736159234
879,global_cap_sentences,1.0,yor,xlmr,2.0,0.7606846694884681
880,global_swap_labels,0.1,amh,afriberta,2.0,0.037440011263919624
881,global_swap_labels,0.1,amh,afro_xlmr,2.0,0.025252796393782233
882,global_swap_labels,0.1,amh,mbert,2.0,0.0
883,global_swap_labels,0.1,amh,xlmr,2.0,0.0282986477185453
884,global_swap_labels,0.1,conll_2003_en,afriberta,2.0,0.07963040156643662
885,global_swap_labels,0.1,conll_2003_en,afro_xlmr,2.0,0.0696195046298398
886,global_swap_labels,0.1,conll_2003_en,mbert,2.0,0.07680071977813707
887,global_swap_labels,0.1,conll_2003_en,xlmr,2.0,0.0662546854393875
888,global_swap_labels,0.1,hau,afriberta,2.0,0.06403967376855123
889,global_swap_labels,0.1,hau,afro_xlmr,2.0,0.048419215394685834
890,global_swap_labels,0.1,hau,mbert,2.0,0.06948619598098642
891,global_swap_labels,0.1,hau,xlmr,2.0,0.04340225954667679
892,global_swap_labels,0.1,ibo,afriberta,2.0,0.10377734704835995
893,global_swap_labels,0.1,ibo,afro_xlmr,2.0,0.08550739528047124
894,global_swap_labels,0.1,ibo,mbert,2.0,0.10908842651439764
895,global_swap_labels,0.1,ibo,xlmr,2.0,0.09647227539104146
896,global_swap_labels,0.1,kin,afriberta,2.0,0.04756573896595517
897,global_swap_labels,0.1,kin,afro_xlmr,2.0,0.043370406104080966
898,global_swap_labels,0.1,kin,mbert,2.0,0.05868172756240609
899,global_swap_labels,0.1,kin,xlmr,2.0,0.04315518875743973
900,global_swap_labels,0.1,lug,afriberta,2.0,0.04984358880093096
901,global_swap_labels,0.1,lug,afro_xlmr,2.0,0.028376907665433607
902,global_swap_labels,0.1,lug,mbert,2.0,0.055259191273044204
903,global_swap_labels,0.1,lug,xlmr,2.0,0.04186195061970018
904,global_swap_labels,0.1,luo,afriberta,2.0,0.05986684575694209
905,global_swap_labels,0.1,luo,afro_xlmr,2.0,0.033522151008192884
906,global_swap_labels,0.1,luo,mbert,2.0,0.06493090496416005
907,global_swap_labels,0.1,luo,xlmr,2.0,0.03462097743968617
908,global_swap_labels,0.1,pcm,afriberta,2.0,0.04364032863876515
909,global_swap_labels,0.1,pcm,afro_xlmr,2.0,0.020771767360943737
910,global_swap_labels,0.1,pcm,mbert,2.0,0.0437066934029167
911,global_swap_labels,0.1,pcm,xlmr,2.0,0.03701790721141693
912,global_swap_labels,0.1,swa,afriberta,2.0,0.0557177310841861
913,global_swap_labels,0.1,swa,afro_xlmr,2.0,0.0346446338834293
914,global_swap_labels,0.1,swa,mbert,2.0,0.0706881532732501
915,global_swap_labels,0.1,swa,xlmr,2.0,0.04151142045234374
916,global_swap_labels,0.1,wol,afriberta,2.0,0.054543778169980996
917,global_swap_labels,0.1,wol,afro_xlmr,2.0,0.05536908372587116
918,global_swap_labels,0.1,wol,mbert,2.0,0.0706619868310913
919,global_swap_labels,0.1,wol,xlmr,2.0,0.06256883602522355
920,global_swap_labels,0.1,yor,afriberta,2.0,0.059164230994803856
921,global_swap_labels,0.1,yor,afro_xlmr,2.0,0.041536562286646296
922,global_swap_labels,0.1,yor,mbert,2.0,0.06936885386954598
923,global_swap_labels,0.1,yor,xlmr,2.0,0.0538359173376036
924,global_swap_labels,0.2,amh,afriberta,2.0,0.09101623092711524
925,global_swap_labels,0.2,amh,afro_xlmr,2.0,0.08387487825032784
926,global_swap_labels,0.2,amh,mbert,2.0,0.0
927,global_swap_labels,0.2,amh,xlmr,2.0,0.08170676239212064
928,global_swap_labels,0.2,conll_2003_en,afriberta,2.0,0.1785368391126765
929,global_swap_labels,0.2,conll_2003_en,afro_xlmr,2.0,0.16287665052079003
930,global_swap_labels,0.2,conll_2003_en,mbert,2.0,0.18198094325224343
931,global_swap_labels,0.2,conll_2003_en,xlmr,2.0,0.17007303735507642
932,global_swap_labels,0.2,hau,afriberta,2.0,0.16594538031155862
933,global_swap_labels,0.2,hau,afro_xlmr,2.0,0.14906665124061494
934,global_swap_labels,0.2,hau,mbert,2.0,0.1738634474505433
935,global_swap_labels,0.2,hau,xlmr,2.0,0.15493589830742993
936,global_swap_labels,0.2,ibo,afriberta,2.0,0.17555625210487644
937,global_swap_labels,0.2,ibo,afro_xlmr,2.0,0.20301989533560527
938,global_swap_labels,0.2,ibo,mbert,2.0,0.202797717410479
939,global_swap_labels,0.2,ibo,xlmr,2.0,0.20174412196123437
940,global_swap_labels,0.2,kin,afriberta,2.0,0.13691605951364696
941,global_swap_labels,0.2,kin,afro_xlmr,2.0,0.1262042933665147
942,global_swap_labels,0.2,kin,mbert,2.0,0.133952905941451
943,global_swap_labels,0.2,kin,xlmr,2.0,0.09954866940083558
944,global_swap_labels,0.2,lug,afriberta,2.0,0.12231689668916601
945,global_swap_labels,0.2,lug,afro_xlmr,2.0,0.12367498146141602
946,global_swap_labels,0.2,lug,mbert,2.0,0.1364583883313867
947,global_swap_labels,0.2,lug,xlmr,2.0,0.12403880476869257
948,global_swap_labels,0.2,luo,afriberta,2.0,0.11209449454839143
949,global_swap_labels,0.2,luo,afro_xlmr,2.0,0.12956983880938655
950,global_swap_labels,0.2,luo,mbert,2.0,0.15787433369122542
951,global_swap_labels,0.2,luo,xlmr,2.0,0.12687787014959817
952,global_swap_labels,0.2,pcm,afriberta,2.0,0.13465744846292646
953,global_swap_labels,0.2,pcm,afro_xlmr,2.0,0.11360340678633958
954,global_swap_labels,0.2,pcm,mbert,2.0,0.1444485436598225
955,global_swap_labels,0.2,pcm,xlmr,2.0,0.12049895427267554
956,global_swap_labels,0.2,swa,afriberta,2.0,0.13456989593843402
957,global_swap_labels,0.2,swa,afro_xlmr,2.0,0.11029706787508597
958,global_swap_labels,0.2,swa,mbert,2.0,0.13364905660057844
959,global_swap_labels,0.2,swa,xlmr,2.0,0.1023524926770284
960,global_swap_labels,0.2,wol,afriberta,2.0,0.1114411575723692
961,global_swap_labels,0.2,wol,afro_xlmr,2.0,0.1603411931599076
962,global_swap_labels,0.2,wol,mbert,2.0,0.1327270507677215
963,global_swap_labels,0.2,wol,xlmr,2.0,0.1400447361636152
964,global_swap_labels,0.2,yor,afriberta,2.0,0.14087669157309582
965,global_swap_labels,0.2,yor,afro_xlmr,2.0,0.13088872365818174
966,global_swap_labels,0.2,yor,mbert,2.0,0.1310558152301845
967,global_swap_labels,0.2,yor,xlmr,2.0,0.11519813742493579
968,global_swap_labels,0.3,amh,afriberta,2.0,0.15594218685213057
969,global_swap_labels,0.3,amh,afro_xlmr,2.0,0.21267419920375316
970,global_swap_labels,0.3,amh,mbert,2.0,0.0
971,global_swap_labels,0.3,amh,xlmr,2.0,0.19039576575125947
972,global_swap_labels,0.3,conll_2003_en,afriberta,2.0,0.27579754066928897
973,global_swap_labels,0.3,conll_2003_en,afro_xlmr,2.0,0.2596822699535891
974,global_swap_labels,0.3,conll_2003_en,mbert,2.0,0.28674509930640313
975,global_swap_labels,0.3,conll_2003_en,xlmr,2.0,0.27440649740178985
976,global_swap_labels,0.3,hau,afriberta,2.0,0.26269544241823267
977,global_swap_labels,0.3,hau,afro_xlmr,2.0,0.2982452234493606
978,global_swap_labels,0.3,hau,mbert,2.0,0.25272361512509917
979,global_swap_labels,0.3,hau,xlmr,3.0,0.2968253968253968
980,global_swap_labels,0.3,ibo,afriberta,2.0,0.31810851335717966
981,global_swap_labels,0.3,ibo,afro_xlmr,2.0,0.3102310680019333
982,global_swap_labels,0.3,ibo,mbert,2.0,0.2940111916514884
983,global_swap_labels,0.3,ibo,xlmr,2.0,0.29163673552469915
984,global_swap_labels,0.3,kin,afriberta,2.0,0.2118878149949982
985,global_swap_labels,0.3,kin,afro_xlmr,2.0,0.27410064362399095
986,global_swap_labels,0.3,kin,mbert,2.0,0.2454716485241195
987,global_swap_labels,0.3,kin,xlmr,2.0,0.2480819681534022
988,global_swap_labels,0.3,lug,afriberta,2.0,0.21000711594706387
989,global_swap_labels,0.3,lug,afro_xlmr,2.0,0.23028057376796873
990,global_swap_labels,0.3,lug,mbert,2.0,0.2134733095259411
991,global_swap_labels,0.3,lug,xlmr,2.0,0.241036200976249
992,global_swap_labels,0.3,luo,afriberta,2.0,0.1905420509278711
993,global_swap_labels,0.3,luo,afro_xlmr,1.5,0.22750371573150507
994,global_swap_labels,0.3,luo,mbert,2.0,0.2198582038404063
995,global_swap_labels,0.3,luo,xlmr,2.0,0.23724231573196267
996,global_swap_labels,0.3,pcm,afriberta,3.0,0.20125786163522014
997,global_swap_labels,0.3,pcm,afro_xlmr,2.0,0.2224162643952749
998,global_swap_labels,0.3,pcm,mbert,2.0,0.1982916130320195
999,global_swap_labels,0.3,pcm,xlmr,2.0,0.19929753919539608
1000,global_swap_labels,0.3,swa,afriberta,2.0,0.27335100275907687
1001,global_swap_labels,0.3,swa,afro_xlmr,2.5,0.29643076796661405
1002,global_swap_labels,0.3,swa,mbert,2.0,0.280015450630402
1003,global_swap_labels,0.3,swa,xlmr,2.0,0.2759684426655998
1004,global_swap_labels,0.3,wol,afriberta,2.0,0.19382334302229418
1005,global_swap_labels,0.3,wol,afro_xlmr,2.0,0.19484571575968612
1006,global_swap_labels,0.3,wol,mbert,2.0,0.21709385283450625
1007,global_swap_labels,0.3,wol,xlmr,2.0,0.1999494680076909
1008,global_swap_labels,0.3,yor,afriberta,2.0,0.2748064845896894
1009,global_swap_labels,0.3,yor,afro_xlmr,2.0,0.30583615139539716
1010,global_swap_labels,0.3,yor,mbert,2.0,0.23714272324880528
1011,global_swap_labels,0.3,yor,xlmr,2.0,0.27855818283482486
1012,global_swap_labels,0.4,amh,afriberta,1.0,0.27178729689807973
1013,global_swap_labels,0.4,amh,afro_xlmr,2.0,0.3370045516462341
1014,global_swap_labels,0.4,conll_2003_en,afro_xlmr,3.0,0.39750463008090464
1015,global_swap_labels,0.4,conll_2003_en,xlmr,3.0,0.4020406161090945
1016,global_swap_labels,0.4,ibo,mbert,3.0,0.38828720417168067
1017,global_swap_labels,0.4,ibo,xlmr,2.0,0.3984113614571451
1018,global_swap_labels,0.4,kin,afriberta,2.0,0.3319266471453138
1019,global_swap_labels,0.4,kin,afro_xlmr,2.0,0.3544316471852958
1020,global_swap_labels,0.4,kin,mbert,2.0,0.34071234927585436
1021,global_swap_labels,0.4,kin,xlmr,2.0,0.3855107205044759
1022,global_swap_labels,0.4,lug,afriberta,2.0,0.309925310794331
1023,global_swap_labels,0.4,lug,afro_xlmr,2.0,0.391330241696412
1024,global_swap_labels,0.4,lug,mbert,2.0,0.3135839499366388
1025,global_swap_labels,0.4,lug,xlmr,2.0,0.34122570301815586
1026,global_swap_labels,0.4,luo,afriberta,2.0,0.27218645098882494
1027,global_swap_labels,0.4,luo,afro_xlmr,2.0,0.37568243318630207
1028,global_swap_labels,0.4,luo,mbert,2.0,0.3035436518610148
1029,global_swap_labels,0.4,luo,xlmr,2.0,0.3740409045413285
1030,global_swap_labels,0.4,pcm,afriberta,2.0,0.3143088613111629
1031,global_swap_labels,0.4,pcm,afro_xlmr,2.0,0.34194032281395076
1032,global_swap_labels,0.4,pcm,mbert,2.0,0.34820916000500873
1033,global_swap_labels,0.4,pcm,xlmr,2.0,0.33769974600946445
1034,global_swap_labels,0.4,swa,afriberta,2.0,0.38022474077346413
1035,global_swap_labels,0.4,swa,afro_xlmr,2.0,0.4453217528622187
1036,global_swap_labels,0.4,swa,mbert,1.5,0.39141054100913164
1037,global_swap_labels,0.5,amh,afriberta,2.5,0.4238008600938632
1038,global_swap_labels,0.5,amh,afro_xlmr,2.0,0.44736529409001413
1039,global_swap_labels,0.5,amh,mbert,1.5,0.0
1040,global_swap_labels,0.5,amh,xlmr,3.0,0.40516545601291365
1041,global_swap_labels,0.5,conll_2003_en,afriberta,2.0,0.5263032060891302
1042,global_swap_labels,0.5,conll_2003_en,afro_xlmr,2.0,0.5155461812109178
1043,global_swap_labels,0.5,conll_2003_en,mbert,2.0,0.5471289380659475
1044,global_swap_labels,0.5,conll_2003_en,xlmr,2.0,0.5322380901578857
1045,global_swap_labels,0.5,hau,afriberta,2.0,0.5214090797964182
1046,global_swap_labels,0.5,hau,afro_xlmr,2.0,0.5609943017215905
1047,global_swap_labels,0.5,hau,mbert,2.0,0.5166859104167361
1048,global_swap_labels,0.5,hau,xlmr,2.0,0.5724527896413725
1049,global_swap_labels,0.5,ibo,afriberta,2.0,0.5305721187481929
1050,global_swap_labels,0.5,ibo,afro_xlmr,2.0,0.5394848081820337
1051,global_swap_labels,0.5,ibo,mbert,2.0,0.5048417649558135
1052,global_swap_labels,0.5,ibo,xlmr,2.0,0.5056549032295989
1053,global_swap_labels,0.5,kin,afriberta,2.0,0.3968243243067673
1054,global_swap_labels,0.5,kin,afro_xlmr,2.0,0.47313248666435676
1055,global_swap_labels,0.5,kin,mbert,2.0,0.3799950996804297
1056,global_swap_labels,0.5,kin,xlmr,2.0,0.48813686599725553
1057,global_swap_labels,0.5,lug,afriberta,1.0,0.3928944618599791
1058,global_swap_labels,0.5,lug,afro_xlmr,2.5,0.48250424304707507
1059,global_swap_labels,0.5,lug,mbert,2.0,0.4451706692656589
1060,global_swap_labels,0.5,lug,xlmr,2.0,0.4710221766219838
1061,global_swap_labels,0.5,luo,afriberta,2.0,0.36697131821754203
1062,global_swap_labels,0.5,luo,afro_xlmr,2.5,0.5119283105816885
1063,global_swap_labels,0.5,luo,mbert,1.0,0.41435185185185186
1064,global_swap_labels,0.5,luo,xlmr,2.0,0.4906976744186047
1065,global_swap_labels,0.5,pcm,afriberta,3.0,0.4251112209589718
1066,global_swap_labels,0.5,pcm,afro_xlmr,2.0,0.48221842159403155
1067,global_swap_labels,0.5,pcm,xlmr,2.5,0.46554112928361313
1068,global_swap_labels,0.5,swa,afriberta,2.0,0.4842070934826967
1069,global_swap_labels,0.5,swa,mbert,1.5,0.5411167542354681
1070,global_swap_labels,0.5,swa,xlmr,2.0,0.5369723321343121
1071,global_swap_labels,0.5,wol,afriberta,2.0,0.34881516587677724
1072,global_swap_labels,0.5,wol,afro_xlmr,3.0,0.44724104549854793
1073,global_swap_labels,0.5,wol,mbert,2.0,0.3923840767808489
1074,global_swap_labels,0.5,wol,xlmr,2.0,0.3945799411677338
1075,global_swap_labels,0.5,yor,afriberta,2.0,0.4662743706244443
1076,global_swap_labels,0.5,yor,afro_xlmr,1.5,0.53774802737471
1077,global_swap_labels,0.5,yor,mbert,2.0,0.4335523323097728
1078,global_swap_labels,0.5,yor,xlmr,2.5,0.4715741050518568
1079,global_swap_labels,0.6,amh,afriberta,2.0,0.47594328202717745
1080,global_swap_labels,0.6,amh,afro_xlmr,2.0,0.5354122609063399
1081,global_swap_labels,0.6,amh,mbert,2.0,0.0
1082,global_swap_labels,0.6,amh,xlmr,2.0,0.500001068153249
1083,global_swap_labels,0.6,conll_2003_en,afriberta,1.5,0.6550720875723266
1084,global_swap_labels,0.6,conll_2003_en,afro_xlmr,3.0,0.6366401727014033
1085,global_swap_labels,0.6,conll_2003_en,mbert,2.0,0.656904066386168
1086,global_swap_labels,0.6,conll_2003_en,xlmr,2.0,0.6477372483456035
1087,global_swap_labels,0.6,hau,afriberta,2.0,0.6428131183314401
1088,global_swap_labels,0.6,hau,afro_xlmr,2.0,0.6757330664997606
1089,global_swap_labels,0.6,hau,mbert,2.0,0.598289183648091
1090,global_swap_labels,0.6,hau,xlmr,2.0,0.6490982334890182
1091,global_swap_labels,0.6,ibo,afriberta,1.5,0.6474848094623014
1092,global_swap_labels,0.6,ibo,afro_xlmr,1.5,0.6304899465326095
1093,global_swap_labels,0.6,kin,afro_xlmr,1.5,0.5856408142592353
1094,global_swap_labels,0.6,lug,afro_xlmr,1.5,0.5798949701862324
1095,global_swap_labels,0.6,luo,xlmr,3.0,0.49311926605504586
1096,global_swap_labels,0.6,pcm,afriberta,1.0,0.6056555269922879
1097,global_swap_labels,0.6,pcm,mbert,1.0,0.6230179028132993
1098,global_swap_labels,0.6,swa,afriberta,1.5,0.5922665947155998
1099,global_swap_labels,0.6,swa,mbert,2.5,0.5815844270703097
1100,global_swap_labels,0.6,swa,xlmr,2.0,0.6367115826270756
1101,global_swap_labels,0.6,wol,afriberta,2.0,0.3862355782690398
1102,global_swap_labels,0.6,wol,afro_xlmr,2.0,0.46674683898585373
1103,global_swap_labels,0.6,wol,mbert,2.0,0.42808929394199496
1104,global_swap_labels,0.6,wol,xlmr,2.0,0.43281869971245207
1105,global_swap_labels,0.6,yor,afriberta,2.0,0.5467856681833386
1106,global_swap_labels,0.6,yor,afro_xlmr,2.0,0.6177561452445078
1107,global_swap_labels,0.6,yor,mbert,2.0,0.5385557931693222
1108,global_swap_labels,0.6,yor,xlmr,2.0,0.5833281250147984
1109,global_swap_labels,0.7,amh,afriberta,2.0,0.5594957452620846
1110,global_swap_labels,0.7,amh,afro_xlmr,2.0,0.5896354718024517
1111,global_swap_labels,0.7,amh,mbert,2.0,0.0
1112,global_swap_labels,0.7,amh,xlmr,2.0,0.553794091889891
1113,global_swap_labels,0.7,conll_2003_en,afriberta,2.0,0.7282754140057373
1114,global_swap_labels,0.7,conll_2003_en,afro_xlmr,2.0,0.7495171924347157
1115,global_swap_labels,0.7,conll_2003_en,mbert,2.0,0.7632953860647124
1116,global_swap_labels,0.7,conll_2003_en,xlmr,2.0,0.7349897965312033
1117,global_swap_labels,0.7,hau,afriberta,2.0,0.7339474183408555
1118,global_swap_labels,0.7,hau,afro_xlmr,2.0,0.7723693174673937
1119,global_swap_labels,0.7,hau,mbert,2.0,0.7103618700566389
1120,global_swap_labels,0.7,hau,xlmr,2.0,0.7451308815978104
1121,global_swap_labels,0.7,ibo,afriberta,2.0,0.7303480053835893
1122,global_swap_labels,0.7,ibo,afro_xlmr,2.0,0.742621160504342
1123,global_swap_labels,0.7,ibo,mbert,2.0,0.7101941503935324
1124,global_swap_labels,0.7,ibo,xlmr,2.0,0.6869110575618361
1125,global_swap_labels,0.7,kin,afriberta,2.0,0.5779050102256154
1126,global_swap_labels,0.7,kin,afro_xlmr,2.0,0.6287463924963925
1127,global_swap_labels,0.7,kin,mbert,2.0,0.5609538182215213
1128,global_swap_labels,0.7,kin,xlmr,2.0,0.6205751327359194
1129,global_swap_labels,0.7,lug,afriberta,2.0,0.6194798181950667
1130,global_swap_labels,0.7,lug,afro_xlmr,2.0,0.6793702629370739
1131,global_swap_labels,0.7,lug,mbert,2.0,0.6326218474607241
1132,global_swap_labels,0.7,lug,xlmr,2.0,0.6166941238492871
1133,global_swap_labels,0.7,luo,afriberta,2.0,0.5222572461428149
1134,global_swap_labels,0.7,luo,afro_xlmr,2.0,0.5830838371124241
1135,global_swap_labels,0.7,luo,mbert,2.0,0.5766417788942386
1136,global_swap_labels,0.7,luo,xlmr,2.0,0.5712874110393215
1137,global_swap_labels,0.7,pcm,afriberta,2.0,0.6784428234269808
1138,global_swap_labels,0.7,pcm,afro_xlmr,2.0,0.7595558060057096
1139,global_swap_labels,0.7,pcm,mbert,2.0,0.7349890071954509
1140,global_swap_labels,0.7,pcm,xlmr,2.0,0.7128119680689043
1141,global_swap_labels,0.7,swa,afriberta,2.0,0.7052499290739336
1142,global_swap_labels,0.7,swa,afro_xlmr,2.0,0.753227920538536
1143,global_swap_labels,0.7,swa,mbert,2.0,0.7074599330376947
1144,global_swap_labels,0.7,swa,xlmr,2.0,0.7370090629300371
1145,global_swap_labels,0.7,wol,afriberta,2.0,0.4890726982005707
1146,global_swap_labels,0.7,wol,afro_xlmr,2.0,0.5686476990506487
1147,global_swap_labels,0.7,wol,mbert,2.0,0.5469615896819159
1148,global_swap_labels,0.7,wol,xlmr,2.0,0.5440086053273823
1149,global_swap_labels,0.7,yor,afriberta,2.0,0.6354635646864658
1150,global_swap_labels,0.7,yor,afro_xlmr,2.0,0.6658978608008811
1151,global_swap_labels,0.7,yor,mbert,2.0,0.6264397423315938
1152,global_swap_labels,0.7,yor,xlmr,2.0,0.5984660436724892
1153,global_swap_labels,0.8,amh,afriberta,2.0,0.6143211083034646
1154,global_swap_labels,0.8,amh,afro_xlmr,2.0,0.6763478746657553
1155,global_swap_labels,0.8,amh,mbert,2.0,0.0
1156,global_swap_labels,0.8,amh,xlmr,2.0,0.6360132997115135
1157,global_swap_labels,0.8,conll_2003_en,afriberta,2.0,0.7966262236236558
1158,global_swap_labels,0.8,conll_2003_en,afro_xlmr,2.0,0.8302156503715606
1159,global_swap_labels,0.8,conll_2003_en,mbert,2.0,0.8323095848548716
1160,global_swap_labels,0.8,conll_2003_en,xlmr,2.0,0.8177332402604556
1161,global_swap_labels,0.8,hau,afriberta,2.0,0.8265259059364118
1162,global_swap_labels,0.8,hau,afro_xlmr,2.0,0.8565801719929683
1163,global_swap_labels,0.8,hau,mbert,2.0,0.7696427749796623
1164,global_swap_labels,0.8,hau,xlmr,2.0,0.8234538275572927
1165,global_swap_labels,0.8,ibo,afriberta,2.0,0.8063995349988528
1166,global_swap_labels,0.8,ibo,afro_xlmr,2.0,0.7943050730894979
1167,global_swap_labels,0.8,ibo,mbert,2.0,0.7648282197734902
1168,global_swap_labels,0.8,ibo,xlmr,2.0,0.7477456636016414
1169,global_swap_labels,0.8,kin,afriberta,2.0,0.671232749387458
1170,global_swap_labels,0.8,kin,afro_xlmr,2.0,0.7120236890101959
1171,global_swap_labels,0.8,kin,mbert,2.0,0.627576318618203
1172,global_swap_labels,0.8,kin,xlmr,2.0,0.6431886245307328
1173,global_swap_labels,0.8,lug,afriberta,2.0,0.6587938027960539
1174,global_swap_labels,0.8,lug,afro_xlmr,2.0,0.7495025083236344
1175,global_swap_labels,0.8,lug,mbert,2.0,0.6885432914183448
1176,global_swap_labels,0.8,lug,xlmr,2.0,0.6731078383907431
1177,global_swap_labels,0.8,luo,afriberta,2.0,0.563930444791147
1178,global_swap_labels,0.8,luo,afro_xlmr,2.0,0.6417522893875748
1179,global_swap_labels,0.8,luo,mbert,2.0,0.620598284026007
1180,global_swap_labels,0.8,luo,xlmr,2.0,0.6373791931958909
1181,global_swap_labels,0.8,pcm,afriberta,2.0,0.7444138284266789
1182,global_swap_labels,0.8,pcm,afro_xlmr,2.0,0.8004880028518212
1183,global_swap_labels,0.8,pcm,mbert,2.0,0.7896133383124698
1184,global_swap_labels,0.8,pcm,xlmr,2.0,0.7394024653648392
1185,global_swap_labels,0.8,swa,afriberta,2.0,0.7858549430622349
1186,global_swap_labels,0.8,swa,afro_xlmr,2.0,0.8211595081101505
1187,global_swap_labels,0.8,swa,mbert,2.0,0.78185291218403
1188,global_swap_labels,0.8,swa,xlmr,2.0,0.7904818074247343
1189,global_swap_labels,0.8,wol,afriberta,2.0,0.5372843535093755
1190,global_swap_labels,0.8,wol,afro_xlmr,2.0,0.5916578479311574
1191,global_swap_labels,0.8,wol,mbert,2.0,0.561617743338477
1192,global_swap_labels,0.8,wol,xlmr,2.0,0.5736267164610508
1193,global_swap_labels,0.8,yor,afriberta,2.0,0.722752497998262
1194,global_swap_labels,0.8,yor,afro_xlmr,3.0,0.7038875103391232
1195,global_swap_labels,0.8,yor,mbert,2.0,0.7046315666209148
1196,global_swap_labels,0.8,yor,xlmr,2.0,0.6907699065145012
1197,global_swap_labels,0.9,amh,afriberta,2.0,0.6867597292724197
1198,global_swap_labels,0.9,amh,afro_xlmr,2.0,0.7420220950909083
1199,global_swap_labels,0.9,amh,mbert,2.0,0.0
1200,global_swap_labels,0.9,amh,xlmr,2.0,0.6938212437018917
1201,global_swap_labels,0.9,conll_2003_en,afriberta,2.0,0.8472945844295484
1202,global_swap_labels,0.9,conll_2003_en,afro_xlmr,2.0,0.8884192219733328
1203,global_swap_labels,0.9,conll_2003_en,mbert,2.0,0.8939719029361529
1204,global_swap_labels,0.9,conll_2003_en,xlmr,2.0,0.8851467736587267
1205,global_swap_labels,0.9,hau,afriberta,2.0,0.8772526396156018
1206,global_swap_labels,0.9,hau,afro_xlmr,2.0,0.8886680593929178
1207,global_swap_labels,0.9,hau,mbert,2.0,0.8344734504287169
1208,global_swap_labels,0.9,hau,xlmr,2.0,0.8838402928498678
1209,global_swap_labels,0.9,ibo,afriberta,2.0,0.8446514239052773
1210,global_swap_labels,0.9,ibo,afro_xlmr,2.0,0.8472973698502991
1211,global_swap_labels,0.9,ibo,mbert,2.0,0.7949142300750811
1212,global_swap_labels,0.9,ibo,xlmr,2.0,0.8035447841315054
1213,global_swap_labels,0.9,kin,afriberta,2.0,0.7213395761648916
1214,global_swap_labels,0.9,kin,afro_xlmr,2.0,0.7651654437244507
1215,global_swap_labels,0.9,kin,mbert,2.0,0.691707209534225
1216,global_swap_labels,0.9,kin,xlmr,2.0,0.7045288271806075
1217,global_swap_labels,0.9,lug,afriberta,2.0,0.7357711103762271
1218,global_swap_labels,0.9,lug,afro_xlmr,2.0,0.7839337597102287
1219,global_swap_labels,0.9,lug,mbert,2.0,0.7488290866164671
1220,global_swap_labels,0.9,lug,xlmr,2.0,0.7463585425416698
1221,global_swap_labels,0.9,luo,afriberta,2.0,0.6322426249107317
1222,global_swap_labels,0.9,luo,afro_xlmr,2.0,0.672739074038934
1223,global_swap_labels,0.9,luo,mbert,2.0,0.6774924902984748
1224,global_swap_labels,0.9,luo,xlmr,2.0,0.6410240465410705
1225,global_swap_labels,0.9,pcm,afriberta,2.0,0.8004149059384272
1226,global_swap_labels,0.9,pcm,afro_xlmr,2.0,0.8592157883110882
1227,global_swap_labels,0.9,pcm,mbert,2.0,0.8404909699115689
1228,global_swap_labels,0.9,pcm,xlmr,2.0,0.8217791625402663
1229,global_swap_labels,0.9,swa,afriberta,2.0,0.8433929164093517
1230,global_swap_labels,0.9,swa,afro_xlmr,2.0,0.8656168229622855
1231,global_swap_labels,0.9,swa,mbert,2.0,0.827631505862043
1232,global_swap_labels,0.9,swa,xlmr,2.0,0.8422951026986149
1233,global_swap_labels,0.9,wol,afriberta,2.0,0.5729324265131855
1234,global_swap_labels,0.9,wol,afro_xlmr,2.0,0.6133352649750253
1235,global_swap_labels,0.9,wol,mbert,2.0,0.6085154847251525
1236,global_swap_labels,0.9,wol,xlmr,2.0,0.6052395823639823
1237,global_swap_labels,0.9,yor,afriberta,2.0,0.7659941700054974
1238,global_swap_labels,0.9,yor,afro_xlmr,2.0,0.7789069253016075
1239,global_swap_labels,0.9,yor,mbert,2.0,0.7508724486319304
1240,global_swap_labels,0.9,yor,xlmr,2.0,0.7438864550066485
1241,global_swap_labels,1.0,amh,afriberta,2.0,0.7207172670195217
1242,global_swap_labels,1.0,amh,afro_xlmr,2.0,0.7586093864528455
1243,global_swap_labels,1.0,amh,mbert,2.0,0.0
1244,global_swap_labels,1.0,amh,xlmr,2.0,0.7192244164066267
1245,global_swap_labels,1.0,conll_2003_en,afriberta,2.0,0.8853267599014808
1246,global_swap_labels,1.0,conll_2003_en,afro_xlmr,2.0,0.9275711232844435
1247,global_swap_labels,1.0,conll_2003_en,mbert,2.0,0.9255676773121156
1248,global_swap_labels,1.0,conll_2003_en,xlmr,2.0,0.9267708114240691
1249,global_swap_labels,1.0,hau,afriberta,2.0,0.8999548786746616
1250,global_swap_labels,1.0,hau,afro_xlmr,2.0,0.9075558309119724
1251,global_swap_labels,1.0,hau,mbert,2.0,0.8724743248094503
1252,global_swap_labels,1.0,hau,xlmr,2.0,0.8976799704950357
1253,global_swap_labels,1.0,ibo,afriberta,2.0,0.8707889464204532
1254,global_swap_labels,1.0,ibo,afro_xlmr,2.0,0.8698529416482051
1255,global_swap_labels,1.0,ibo,mbert,2.0,0.8465652812586656
1256,global_swap_labels,1.0,ibo,xlmr,2.0,0.8324991297729459
1257,global_swap_labels,1.0,kin,afriberta,2.0,0.7409175204823232
1258,global_swap_labels,1.0,kin,afro_xlmr,2.0,0.7807989314864532
1259,global_swap_labels,1.0,kin,mbert,2.0,0.7071596116592316
1260,global_swap_labels,1.0,kin,xlmr,2.0,0.724523632955124
1261,global_swap_labels,1.0,lug,afriberta,2.0,0.7871285169410512
1262,global_swap_labels,1.0,lug,afro_xlmr,2.0,0.8130189061322852
1263,global_swap_labels,1.0,lug,mbert,2.0,0.7955236570165599
1264,global_swap_labels,1.0,lug,xlmr,2.0,0.7772996183035449
1265,global_swap_labels,1.0,luo,afriberta,2.0,0.6806890653921517
1266,global_swap_labels,1.0,luo,afro_xlmr,2.0,0.692315246033452
1267,global_swap_labels,1.0,luo,mbert,2.0,0.7165046460318539
1268,global_swap_labels,1.0,luo,xlmr,2.0,0.6944046417139269
1269,global_swap_labels,1.0,pcm,afriberta,2.0,0.8550722102933078
1270,global_swap_labels,1.0,pcm,afro_xlmr,2.0,0.8923641072628165
1271,global_swap_labels,1.0,pcm,mbert,2.0,0.8801284617900839
1272,global_swap_labels,1.0,pcm,xlmr,2.0,0.8620719637192845
1273,global_swap_labels,1.0,swa,afriberta,2.0,0.8752107648482964
1274,global_swap_labels,1.0,swa,afro_xlmr,2.0,0.8833017962255999
1275,global_swap_labels,1.0,swa,mbert,2.0,0.8595890173251318
1276,global_swap_labels,1.0,swa,xlmr,2.0,0.8745172249557681
1277,global_swap_labels,1.0,wol,afriberta,2.0,0.6140960532397841
1278,global_swap_labels,1.0,wol,afro_xlmr,2.0,0.661006647365737
1279,global_swap_labels,1.0,wol,mbert,2.0,0.6338198466764841
1280,global_swap_labels,1.0,wol,xlmr,2.0,0.6389315154529768
1281,global_swap_labels,1.0,yor,afriberta,2.0,0.7932402354394155
1282,global_swap_labels,1.0,yor,afro_xlmr,2.0,0.8088684496332744
1283,global_swap_labels,1.0,yor,mbert,2.0,0.7867007242495249
1284,global_swap_labels,1.0,yor,xlmr,2.0,0.7651361871002007
1285,original,1.0,amh,afriberta,2.0,0.7207172670195217
1286,original,1.0,amh,afro_xlmr,2.0,0.7586093864528455
1287,original,1.0,amh,mbert,2.0,0.0
1288,original,1.0,amh,xlmr,2.0,0.7192244164066267
1289,original,1.0,conll_2003_en,afriberta,2.0,0.8853267599014808
1290,original,1.0,conll_2003_en,afro_xlmr,2.0,0.9275711232844435
1291,original,1.0,conll_2003_en,mbert,2.0,0.9255676773121156
1292,original,1.0,conll_2003_en,xlmr,2.0,0.9267708114240691
1293,original,1.0,hau,afriberta,2.0,0.8999548786746616
1294,original,1.0,hau,afro_xlmr,2.0,0.9075558309119724
1295,original,1.0,hau,mbert,2.0,0.8724743248094503
1296,original,1.0,hau,xlmr,2.0,0.8976799704950357
1297,original,1.0,ibo,afriberta,2.0,0.8707889464204532
1298,original,1.0,ibo,afro_xlmr,2.0,0.8698529416482051
1299,original,1.0,ibo,mbert,2.0,0.8465652812586656
1300,original,1.0,ibo,xlmr,2.0,0.8324991297729459
1301,original,1.0,kin,afriberta,2.0,0.7409175204823232
1302,original,1.0,kin,afro_xlmr,2.0,0.7807989314864532
1303,original,1.0,kin,mbert,2.0,0.7071596116592316
1304,original,1.0,kin,xlmr,2.0,0.724523632955124
1305,original,1.0,lug,afriberta,2.0,0.7871285169410512
1306,original,1.0,lug,afro_xlmr,2.0,0.8130189061322852
1307,original,1.0,lug,mbert,2.0,0.7955236570165599
1308,original,1.0,lug,xlmr,2.0,0.7772996183035449
1309,original,1.0,luo,afriberta,2.0,0.6806890653921517
1310,original,1.0,luo,afro_xlmr,2.0,0.692315246033452
1311,original,1.0,luo,mbert,2.0,0.7165046460318539
1312,original,1.0,luo,xlmr,2.0,0.6944046417139269
1313,original,1.0,pcm,afriberta,2.0,0.8550722102933078
1314,original,1.0,pcm,afro_xlmr,2.0,0.8923641072628165
1315,original,1.0,pcm,mbert,2.0,0.8801284617900839
1316,original,1.0,pcm,xlmr,2.0,0.8620719637192845
1317,original,1.0,swa,afriberta,2.0,0.8752107648482964
1318,original,1.0,swa,afro_xlmr,2.0,0.8833017962255999
1319,original,1.0,swa,mbert,2.0,0.8595890173251318
1320,original,1.0,swa,xlmr,2.0,0.8745172249557681
1321,original,1.0,wol,afriberta,2.0,0.6140960532397841
1322,original,1.0,wol,afro_xlmr,2.0,0.661006647365737
1323,original,1.0,wol,mbert,2.0,0.6338198466764841
1324,original,1.0,wol,xlmr,2.0,0.6389315154529768
1325,original,1.0,yor,afriberta,2.0,0.7932402354394155
1326,original,1.0,yor,afro_xlmr,2.0,0.8088684496332744
1327,original,1.0,yor,mbert,2.0,0.7867007242495249
1328,original,1.0,yor,xlmr,2.0,0.7651361871002007
